people_id,name,party,role,district,followthemoney_eid,votesmart_id,opensecrets_id,ballotpedia,knowwho_pid
8955,Nydia Velazquez,D,Rep,HD-NY-7,17658223,26975,N00001102,Nydia_Velazquez,158981
8957,Frank Pallone,D,Rep,HD-NJ-6,17658803,26951,N00000781,Frank_Pallone,158957
8963,Kathy Castor,D,Rep,HD-FL-14,170335,53825,N00027514,Kathy_Castor,248289
8964,Gerald Connolly,D,Rep,HD-VA-11,16577898,95078,N00029891,Gerald_Connolly,267105
8965,Henry Cuellar,D,Rep,HD-TX-28,6443275,5486,N00024978,Henry_Cuellar,199164
8967,Diana DeGette,D,Rep,HD-CO-1,6006202,561,N00006134,Diana_DeGette,158770
8970,Eliot Engel,D,Rep,HD-NY-16,17658812,26972,N00001003,Eliot_Engel,158986
8971,Anna Eshoo,D,Rep,HD-CA-18,8050793,26741,N00007335,Anna_Eshoo,158731
8972,Bill Foster,D,Rep,HD-IL-11,16623751,101632,N00029139,Bill_Foster,263138
8973,Gene Green,D,Rep,HD-TX-29,11053772,27100,N00005870,Gene_Green,159099
8976,Henry Johnson,D,Rep,HD-GA-4,17658662,68070,N00027848,Hank_Johnson,248293
8979,Ben Lujan,D,Rep,HD-NM-3,9025644,102842,N00029562,"Ben_Lujan,_Sr.",266495
8981,Edward Markey,D,Sen,HD-MA-5,17658675,26900,N00000270,Edward_Markey,158881
8983,Doris Matsui,D,Rep,HD-CA-6,17658638,28593,N00027459,Doris_Matsui,232639
8985,Jerry McNerney,D,Rep,HD-CA-9,6643414,29474,N00026926,Jerry_McNerney,248236
8986,Christopher Murphy,D,Sen,HD-CT-5,6384200,17189,N00027566,Chris_Murphy_(Connecticut),193324
8987,Bill Pascrell,D,Rep,HD-NJ-9,16580040,478,N00000751,Bill_Pascrell,158959
8988,Janice Schakowsky,D,Rep,HD-IL-9,6419995,6387,N00004724,Jan_Schakowsky,158836
8989,Brad Sherman,D,Rep,HD-CA-30,369166,142,N00006897,Brad_Sherman,158741
8994,Niki Tsongas,D,Rep,HD-MA-3,17658789,89417,N00029026,Niki_Tsongas,259708
8995,Debbie Wasserman Schultz,D,Rep,HD-FL-23,704716,24301,N00026106,Debbie_Wasserman_Schultz,226499
8997,Peter Welch,D,Rep,HD-VT,9959484,51272,N00000515,Peter_Welch,210068
9004,Tammy Baldwin,D,Sen,HD-WI-2,2924660,3470,N00004367,Tammy_Baldwin,159127
9005,Xavier Becerra,D,Rep,HD-CA-34,16562595,26754,N00009774,Xavier_Becerra,158747
9010,Earl Blumenauer,D,Rep,HD-OR-3,4977792,367,N00007727,Earl_Blumenauer,159028
9012,Madeleine Bordallo,D,Rep,HD-GU,0,1751,N00024866,Madeleine_Bordallo,0
9014,Robert Brady,D,Rep,HD-PA-1,17658828,2519,N00001619,Robert_Brady,159031
9016,G. Butterfield,D,Rep,HD-NC-1,6135165,41077,N00027035,G.K._Butterfield,224949
9017,Michael Capuano,D,Rep,HD-MA-7,17658790,18883,N00000267,Michael_Capuano,158882
9019,Andre Carson,D,Rep,HD-IN-7,17658782,84917,N00029513,Andr%C3%A9_Carson,263260
9021,Yvette Clarke,D,Rep,HD-NY-9,5418023,44741,N00026961,Yvette_Clarke,248335
9022,Lacy Clay,D,Rep,HD-MO-1,3798170,8967,N00012460,William_Lacy_Clay,205779
9023,Emanuel Cleaver,D,Rep,HD-MO-5,4396432,39507,N00026790,Emanuel_Cleaver,226522
9024,James Clyburn,D,Rep,HD-SC-6,5019671,27066,N00002408,James_Clyburn,159060
9025,Steve Cohen,D,Rep,HD-TN-9,6442808,24340,N00003225,"Steve_Hobbs,_Missouri_Representative",198993
9026,John Conyers,D,Rep,HD-MI-13,17658680,26904,N00004029,John_Conyers_Jr.,158908
9027,Jim Cooper,D,Rep,HD-TN-5,17658367,48891,N00003132,Jim_Cooper_(Tennessee),211701
9029,Joe Courtney,D,Rep,HD-CT-2,7236851,30333,N00024842,Joe_Courtney,248833
9030,Elijah Cummings,D,Rep,HD-MD-7,5430817,345,N00001971,Elijah_Cummings,158891
9032,Danny Davis,D,Rep,HD-IL-7,16565454,233,N00004884,Danny_K._Davis,158834
9033,Susan Davis,D,Rep,HD-CA-53,2550215,8168,N00009604,Susan_Davis_(California),193104
9034,Peter DeFazio,D,Rep,HD-OR-4,17658713,27037,N00007781,Peter_DeFazio,159029
9035,Rosa DeLauro,D,Rep,HD-CT-3,5349073,26788,N00000615,Rosa_DeLauro,158778
9037,Lloyd Doggett,D,Rep,HD-TX-35,17658622,21689,N00006023,Lloyd_Doggett,159080
9038,Michael Doyle,D,Rep,HD-PA-14,13005560,55925,N00001373,Michael_Doyle_(Pennsylvania_Congress),159048
9041,Keith Ellison,D,Rep,HD-MN-5,6515997,38982,N00028257,Keith_Ellison_(Minnesota),212972
9045,Marcia Fudge,D,Rep,HD-OH-11,14904741,110640,N00030490,Marcia_Fudge,271756
9047,Kirsten Gillibrand,D,Sen,HD-NY-20,1577524,65147,N00027658,Kirsten_Gillibrand,248345
9050,Al Green,D,Rep,HD-TX-9,11567524,49680,N00026686,Al_Green_(Texas),226547
9051,Raul Grijalva,D,Rep,HD-AZ-3,17657668,28253,N00025284,Raul_Grijalva,211719
9052,Luis Gutierrez,D,Rep,HD-IL-4,12430974,26841,N00004874,Luis_Gutierrez,158831
9056,Alcee Hastings,D,Rep,HD-FL-20,17657879,26798,N00002884,Alcee_Hastings,158806
9057,Martin Heinrich,D,Sen,HD-NM-1,8939798,74517,N00029835,Martin_Heinrich,266934
9058,Brian Higgins,D,Rep,HD-NY-26,4689854,23127,N00027060,Brian_Higgins,197797
9059,James Himes,D,Rep,HD-CT-4,14257522,106744,N00029070,Jim_Himes,266938
9061,Mazie Hirono,D,Sen,HD-HI-2,6401094,1677,N00028139,Mazie_Hirono,248294
9065,Steny Hoyer,D,Rep,HD-MD-5,5702081,26890,N00001821,Steny_Hoyer,158889
9068,Sheila Jackson-Lee,D,Rep,HD-TX-18,6716263,21692,N00005818,Sheila_Jackson_Lee,159088
9069,Eddie Johnson,D,Rep,HD-TX-30,17658377,27098,N00008122,Eddie_Bernice_Johnson,159100
9070,Marcy Kaptur,D,Rep,HD-OH-9,3503114,27016,N00003522,Marcy_Kaptur,159009
9073,Ron Kind,D,Rep,HD-WI-3,15167032,630,N00004403,Ron_Kind,159128
9075,James Langevin,D,Rep,HD-RI-2,5029414,55787,N00009724,Jim_Langevin,207711
9076,Rick Larsen,D,Rep,HD-WA-2,17657616,56231,N00009759,Rick_Larsen,124078
9077,John Larson,D,Rep,HD-CT-1,16565470,17188,N00000575,John_Larson_(Connecticut),158776
9078,Barbara Lee,D,Rep,HD-CA-13,1263932,8315,N00008046,Barbara_Lee_(California),158726
9079,Sander Levin,D,Rep,HD-MI-9,782914,26918,N00003950,Sandy_Levin,158906
9080,John Lewis,D,Rep,HD-GA-5,6942266,26820,N00002577,John_Lewis_(Georgia),158811
9081,Daniel Lipinski,D,Rep,HD-IL-3,17658586,33692,N00027239,Daniel_Lipinski,226508
9082,David Loebsack,D,Rep,HD-IA-2,6321205,68964,N00027741,Dave_Loebsack,248296
9083,Zoe Lofgren,D,Rep,HD-CA-19,761620,21899,N00007479,Zoe_Lofgren,158733
9084,Nita Lowey,D,Rep,HD-NY-17,4674617,26982,N00001024,Nita_Lowey,158987
9085,Stephen Lynch,D,Rep,HD-MA-8,1819740,4844,N00013855,Stephen_Lynch,195035
9086,Carolyn Maloney,D,Rep,HD-NY-12,17658243,26978,N00000078,Carolyn_Maloney,158983
9089,Betty McCollum,D,Rep,HD-MN-4,6428407,3812,N00012942,Betty_McCollum,195933
9095,Gwen Moore,D,Rep,HD-WI-4,2653235,3457,N00026914,Gwen_Moore,199871
9099,Jerrold Nadler,D,Rep,HD-NY-10,17658246,26980,N00000939,Jerrold_Nadler,158977
9100,Eleanor Norton,D,Rep,HD-DC,18929695,775,N00001692,Eleanor_Holmes_Norton,158782
9107,Gary Peters,D,Sen,HD-MI-14,363232,8749,N00029277,Gary_Peters,195614
9109,Chellie Pingree,D,Rep,HD-ME-1,1656640,6586,N00013817,Chellie_Pingree,267137
9110,Jared Polis,D,Rep,HD-CO-2,658962,106220,N00029127,Jared_Polis,267142
9112,David Price,D,Rep,HD-NC-4,6891915,119,N00002260,David_Price,158937
9117,Lucille Roybal-Allard,D,Rep,HD-CA-40,12450156,26766,N00006671,Lucille_Roybal-Allard,158750
9118,C.A. Ruppersberger,D,Rep,HD-MD-2,17658031,36130,N00025482,Dutch_Ruppersberger,120144
9119,Bobby Rush,D,Rep,HD-IL-1,17657928,26831,N00004887,Bobby_Rush,158828
9120,Tim Ryan,D,Rep,HD-OH-13,2850732,45638,N00025280,Tim_Ryan_(Ohio),208806
9121,Linda Sanchez,D,Rep,HD-CA-38,17657762,29674,N00024870,Linda_S%C3%A1nchez,211684
9123,John Sarbanes,D,Rep,HD-MD-3,17658676,66575,N00027751,John_Sarbanes,248303
9124,Adam Schiff,D,Rep,HD-CA-28,15203357,9489,N00009585,Adam_Schiff,193010
9126,David Scott,D,Rep,HD-GA-13,13011507,7826,N00024871,David_Scott_(Georgia),193670
9127,Robert Scott,D,Rep,HD-VA-3,17658728,173269,N00002147,Robert_Scott_(Delaware),159106
9128,Jose Serrano,D,Rep,HD-NY-15,17391438,26981,N00001813,Jose_Serrano,158985
9130,Carol Shea-Porter,D,Rep,HD-NH-1,9763306,65891,N00028091,Carol_Shea-Porter,248311
9131,Albio Sires,D,Rep,HD-NJ-8,6389364,22510,N00027523,Albio_Sires,197402
9133,Louise Slaughter,D,Rep,HD-NY-25,17658702,26991,N00001311,Louise_Slaughter,158997
9134,Jackie Speier,D,Rep,HD-CA-14,12997061,8425,N00029649,Jackie_Speier,192997
9137,Bennie Thompson,D,Rep,HD-MS-2,8348996,26929,N00003288,Bennie_Thompson,158929
9138,Mike Thompson,D,Rep,HD-CA-5,1952480,3564,N00007419,Mike_Thompson_(California),158718
9140,Dina Titus,D,Rep,HD-NV-1,12996791,2629,N00030191,Dina_Titus,197530
9141,Chris Van Hollen,D,Sen,SD-MD,5552236,6098,N00013820,Chris_Van_Hollen,195215
9142,Peter Visclosky,D,Rep,HD-IN-1,16562743,26851,N00003813,Peter_Visclosky,158848
9143,Timothy Walz,D,Rep,HD-MN-1,9202001,65443,N00027467,Tim_Walz,248305
9144,Maxine Waters,D,Rep,HD-CA-43,1257359,26759,N00006690,Maxine_Waters,158752
9150,John Yarmuth,D,Rep,HD-KY-3,7155937,58579,N00028073,John_Yarmuth,248302
9151,Sanford Bishop,D,Rep,HD-GA-2,5134027,26817,N00002674,Sanford_Bishop_Jr.,158808
9154,Collin Peterson,D,Rep,HD-MN-7,16588347,26926,N00004558,Collin_Peterson,158917
9157,Mario Diaz-Balart,R,Rep,HD-FL-21,12999048,24312,N00025337,Mario_Diaz-Balart,193508
9160,James McGovern,D,Rep,HD-MA-2,17658594,552,N00000179,James_J._McGovern,158877
9161,Gregory Meeks,D,Rep,HD-NY-5,17658810,4360,N00001171,Gregory_Meeks,158975
9162,Tim Murphy,R,Rep,HD-PA-18,0,9794,N00024992,Tim_Murphy_(Pennsylvania),198209
9164,Ileana Ros-Lehtinen,R,Rep,HD-FL-18,9685208,26815,N00002858,Ileana_Ros-Lehtinen,158801
9165,Gregorio Sablan,I,Rep,HD-MP,0,110903,N00030418,Gregorio_Sablan,274097
9167,Paul Tonko,D,Rep,HD-NY-20,4469600,4403,N00030196,Paul_Tonko,197757
9168,Don Young,R,Rep,HD-AK,17658637,26717,N00007999,Don_Young_(Alaska),158699
9171,Joe Barton,R,Rep,HD-TX-6,11211974,27082,N00005656,Joe_Barton,159076
9172,Marsha Blackburn,R,Rep,SD-TN,6654369,25186,N00003105,Marsha_Blackburn,198986
9173,Kevin Brady,R,Rep,HD-TX-8,11362722,361,N00005883,Kevin_Brady_(Texas),159078
9175,Vern Buchanan,R,Rep,HD-FL-16,17658661,66247,N00027626,Vern_Buchanan,250707
9176,Michael Burgess,R,Rep,HD-TX-26,17658442,50120,N00025219,Michael_Burgess,211708
9177,Michael Conaway,R,Rep,HD-TX-11,11428119,49935,N00026041,Mike_Conaway_(Texas),226553
9179,John Culberson,R,Rep,HD-TX-7,6646293,5488,N00009738,John_Culberson,199253
9181,John Duncan,R,Rep,HD-TN-2,9391265,27069,N00003209,John_Duncan_Jr.,159063
9182,Kay Granger,R,Rep,HD-TX-12,17658723,334,N00008799,Kay_Granger,159082
9185,Dean Heller,R,Sen,SD-NV,6596477,2291,N00027522,Dean_Heller,218940
9186,Jeb Hensarling,R,Rep,HD-TX-5,17658386,49827,N00024922,Jeb_Hensarling,211722
9188,Sam Johnson,R,Rep,HD-TX-3,17658383,27079,N00008028,Sam_Johnson_(Texas_congressman),159073
9191,Kenny Marchant,R,Rep,HD-TX-24,13007002,5549,N00026710,Kenny_Marchant,199221
9192,Michael McCaul,R,Rep,HD-TX-10,15456789,49210,N00026460,Michael_McCaul,226551
9193,Cathy McMorris Rodgers,R,Rep,HD-WA-5,2941046,3217,N00026314,Cathy_McMorris_Rodgers,199779
9197,Bill Posey,R,Rep,HD-FL-8,12998616,24280,N00029662,Bill_Posey,193543
9199,David Reichert,R,Rep,HD-WA-8,3576336,51346,N00026885,Dave_Reichert,226565
9200,Pete Sessions,R,Rep,HD-TX-32,10838573,288,N00005681,Pete_Sessions,159075
9201,Adam Smith,D,Rep,HD-WA-9,17658734,845,N00007833,Adam_Smith_(Washington),159125
9202,Lamar Smith,R,Rep,HD-TX-21,17658727,27097,N00001811,Lamar_Smith,159091
9209,Gus Bilirakis,R,Rep,HD-FL-12,12998704,17318,N00027462,Gus_Bilirakis,193559
9210,John Boozman,R,Sen,HD-AR-3,9687692,27958,N00013873,John_Boozman,209930
9211,Ken Calvert,R,Rep,HD-CA-42,2378663,26777,N00007099,Ken_Calvert,158760
9212,Shelley Capito,R,Sen,HD-WV-2,6651319,11701,N00009771,Shelley_Moore_Capito,200084
9213,Tom Cole,R,Rep,HD-OK-4,14964187,46034,N00025726,Tom_Cole_(Oklahoma),211693
9215,Jeff Fortenberry,R,Rep,HD-NE-1,17658605,41929,N00026631,Jeff_Fortenberry,226527
9216,Robert Latta,R,Rep,HD-OH-5,3428798,9926,N00012233,Bob_Latta,209172
9217,Tom McClintock,R,Rep,HD-CA-4,2481759,9715,N00006863,Tom_McClintock,193067
9220,Mike D. Rogers,R,Rep,HD-AL-3,6571477,5705,N00024759,Mike_Rogers_(Alabama),192661
9222,Michael Simpson,R,Rep,HD-ID-2,7913824,2917,N00006263,Michael_Simpson_(Idaho),158827
9225,Mike Coffman,R,Rep,HD-CO-6,12998053,1535,N00024753,Mike_Coffman_(Colorado),251692
9228,Duncan Hunter,R,Rep,HD-CA-50,17658760,104308,N00029258,Duncan_Hunter,272496
9231,Edward Royce,R,Rep,HD-CA-39,390709,70848,N00008264,Edward_Royce,158756
9232,James Sensenbrenner,R,Rep,HD-WI-5,3273057,27142,N00004291,Jim_Sensenbrenner,159134
9233,Grace Napolitano,D,Rep,HD-CA-32,774257,8393,N00006789,Grace_Napolitano,158751
9234,Judy Chu,D,Rep,HD-CA-27,1258090,16539,N00030600,Judy_Chu,209456
9237,Christopher Smith,R,Rep,HD-NJ-4,17658186,26952,N00009816,Chris_Smith_(New_Jersey),158955
9243,Rob Bishop,R,Rep,HD-UT-1,15107372,50544,N00025292,Rob_Bishop,211710
9244,Roy Blunt,R,Sen,HD-MO-7,3837002,418,N00005195,Roy_Blunt,158925
9254,John Carter,R,Rep,HD-TX-31,17658461,49296,N00025095,John_Carter_(Texas),211726
9255,Bill Cassidy,R,Sen,HD-LA-6,6673315,69494,N00030245,Bill_Cassidy,266763
9257,Jason Chaffetz,R,Rep,HD-UT-3,9875071,103482,N00028958,Jason_Chaffetz,239356
9261,Joseph Crowley,D,Rep,HD-NY-14,4876353,4295,N00001127,Joseph_Crowley,158976
9264,Charles Dent,R,Rep,HD-PA-15,6568974,9121,N00026171,Charlie_Dent,198188
9265,Joe Donnelly,D,Sen,SD-IN,7409487,34212,N00026586,Joe_Donnelly,248299
9269,Virginia Foxx,R,Rep,HD-NC-5,6285984,6051,N00026166,Virginia_Foxx,196515
9270,Rodney Frelinghuysen,R,Rep,HD-NJ-11,6513034,22177,N00000684,Rodney_Frelinghuysen,158962
9273,Sam Graves,R,Rep,HD-MO-6,3836803,9425,N00013323,Sam_Graves,195969
9274,Brett Guthrie,R,Rep,HD-KY-2,6573540,18829,N00029675,Brett_Guthrie,194385
9279,Darrell Issa,R,Rep,HD-CA-49,61054,16553,N00007017,Darrell_Issa,205554
9280,Lynn Jenkins,R,Rep,HD-KS-2,6612389,18594,N00029077,Lynn_Jenkins,208581
9282,Walter Jones,R,Rep,HD-NC-3,17658130,21785,N00002299,Walter_Jones,158936
9283,Peter King,R,Rep,HD-NY-2,17658227,26968,N00001193,Peter_King,158972
9284,Steve King,R,Rep,HD-IA-4,6587767,10853,N00025237,Steve_King_(Iowa),193968
9289,Leonard Lance,R,Rep,HD-NJ-7,13008942,4443,N00000898,Leonard_Lance,197381
9293,Frank LoBiondo,R,Rep,HD-NJ-2,17658180,21890,N00000851,Frank_LoBiondo,158953
9294,Frank Lucas,R,Rep,HD-OK-3,17658609,27032,N00005559,Frank_Lucas,159025
9295,Blaine Luetkemeyer,R,Rep,HD-MO-3,4243467,20400,N00030026,Blaine_Luetkemeyer,196108
9305,Jerry Moran,R,Sen,HD-KS-1,19889609,542,N00005282,Jerry_Moran,158858
9307,Richard Neal,D,Rep,HD-MA-1,17441075,26895,N00000153,Richard_Neal,158876
9308,Erik Paulsen,R,Rep,HD-MN-3,17658795,3833,N00029391,Erik_Paulsen,195908
9309,Ed Perlmutter,D,Rep,HD-CO-7,6276954,2653,N00027510,Ed_Perlmutter,193129
9311,Ted Poe,R,Rep,HD-TX-2,16584997,49198,N00026457,Ted_Poe,226545
9312,Mike Quigley,D,Rep,HD-IL-5,8785226,83310,N00030581,Mike_Quigley,277349
9315,David Roe,R,Rep,HD-TN-1,2886736,65306,N00028463,Phil_Roe,267171
9316,Thomas Rooney,R,Rep,HD-FL-17,0,107800,N00029018,Thomas_Rooney_(Florida),267175
9321,Kurt Schrader,D,Rep,HD-OR-5,22206618,10813,N00030071,Kurt_Schrader,198136
9322,John Shimkus,R,Rep,HD-IL-15,17657969,246,N00004961,John_Shimkus,158847
9323,Bill Shuster,R,Rep,HD-PA-9,17658321,55693,N00013770,Bill_Shuster,209249
9324,Adrian Smith,R,Rep,HD-NE-3,6558263,21284,N00027623,Adrian_Smith,196871
9329,Glenn Thompson,R,Rep,HD-PA-5,4811486,24046,N00029736,Glenn_Thompson_(Pennsylvania),267269
9330,Mac Thornberry,R,Rep,HD-TX-13,17658625,21706,N00006052,Mac_Thornberry,159083
9332,Patrick Tiberi,R,Rep,HD-OH-12,2781461,8404,N00009699,Patrick_Tiberi,197859
9333,Michael Turner,R,Rep,HD-OH-10,17658265,45519,N00025175,Michael_Turner_(Ohio),211690
9334,Fred Upton,R,Rep,HD-MI-6,2001367,26906,N00004133,Fred_Upton,158900
9335,Greg Walden,R,Rep,HD-OR-2,3106417,2979,N00007690,Greg_Walden,159027
9337,Joe Wilson,R,Rep,HD-SC-2,6644962,3985,N00024809,Joe_Wilson_(South_Carolina),198713
9340,Jim Costa,D,Rep,HD-CA-16,732074,3577,N00026341,Jim_Costa,193005
9341,Louie Gohmert,R,Rep,HD-TX-1,11600094,50029,N00026148,Louie_Gohmert,226543
9343,Dana Rohrabacher,R,Rep,HD-CA-48,9685202,26763,N00007151,Dana_Rohrabacher,158762
9344,Peter Roskam,R,Rep,HD-IL-6,3052886,6382,N00004719,Peter_Roskam,208702
9346,Robert Aderholt,R,Rep,HD-AL-4,6307650,441,N00003028,Robert_Aderholt,158703
9357,Jeff Flake,R,Sen,SD-AZ,8753041,28128,N00009573,Jeff_Flake,205546
9359,Trent Franks,R,Rep,HD-AZ-8,1448924,28399,N00006423,Trent_Franks,211720
9360,John Garamendi,D,Rep,HD-CA-3,12997062,29664,N00030856,John_Garamendi,240331
9362,Bob Goodlatte,R,Rep,HD-VA-6,17658523,27116,N00009154,Bob_Goodlatte,159109
9363,Gregg Harper,R,Rep,HD-MS-3,17658799,101985,N00029632,Gregg_Harper,266921
9365,Jim Jordan,R,Rep,HD-OH-4,13004893,8158,N00027894,Jim_Jordan_(Ohio),197920
9368,Doug Lamborn,R,Rep,HD-CO-5,6368620,2698,N00028133,Doug_Lamborn,193118
9371,Kevin McCarthy,R,Rep,HD-CA-23,331199,28918,N00028152,Kevin_McCarthy_(California),211752
9372,Patrick McHenry,R,Rep,HD-NC-10,6009425,21031,N00026627,Patrick_McHenry,212009
9375,Devin Nunes,R,Rep,HD-CA-22,2429326,16725,N00007248,Devin_Nunes,211691
9376,Pete Olson,R,Rep,HD-TX-22,17658836,102008,N00029285,Pete_Olson,164975
9379,Tom Price,R,Rep,HD-GA-6,7844765,11853,N00026160,Tom_Price_(Georgia),193697
9381,Harold Rogers,R,Rep,HD-KY-5,17657470,26875,N00003473,Hal_Rogers,158866
9383,Paul Ryan,R,Rep,HD-WI-1,7432657,26344,N00004357,Paul_Ryan,159126
9384,Steve Scalise,R,Rep,HD-LA-1,6627583,9026,N00009660,Steve_Scalise,194976
9389,Robert Wittman,R,Rep,HD-VA-1,6666723,58133,N00029459,Rob_Wittman,241260
9394,Nancy Pelosi,D,Rep,HD-CA-12,2022063,26732,n00007360,Nancy_Pelosi,158725
9395,Theodore Deutch,D,Rep,HD-FL-21,6467543,67151,N00031317,Theodore_O._Rogers,248601
9402,Sherrod Brown,D,Sen,SD-OH,3439679,27018,N00003535,Sherrod_Brown,159013
9403,Robert Casey,D,Sen,SD-PA,5967054,2541,N00027503,Robert_Casey_(Pennsylvania),240529
9405,Richard Durbin,D,Sen,SD-IL,3414130,26847,N00004981,Dick_Durbin,165219
9408,Amy Klobuchar,D,Sen,SD-MN,17659011,65092,N00027500,Amy_Klobuchar,248506
9412,Claire McCaskill,D,Sen,SD-MO,4742989,2109,N00027694,Claire_McCaskill,240412
9413,Robert Menendez,D,Sen,SD-NJ,17659015,26961,N00000699,Bob_Menendez,158964
9414,Charles Schumer,D,Sen,SD-NY,19890086,26976,N00001093,Chuck_Schumer,165260
9415,Debbie Stabenow,D,Sen,SD-MI,10688869,515,N00004118,Debbie_Stabenow,205511
9417,Ron Wyden,D,Sen,SD-OR,5397600,27036,N00007724,Ron_Wyden,165265
9422,Jeanne Shaheen,D,Sen,SD-NH,2227644,1663,N00024790,Jeanne_Shaheen,209675
9423,Dianne Feinstein,D,Sen,SD-CA,26294,53273,N00007364,Dianne_Feinstein,165201
9424,Patrick Leahy,D,Sen,SD-VT,19890007,53353,N00009918,Patrick_Leahy_(Vermont),165283
9425,Thomas Carper,D,Sen,SD-DE,8428238,22421,N00012508,Tom_Carper,205484
9427,Maria Cantwell,D,Sen,SD-WA,3465258,27122,N00007836,Maria_Cantwell,205537
9428,Lamar Alexander,R,Sen,SD-TN,2116345,15691,N00009888,Lamar_Alexander,211704
9429,Bob Corker,R,Sen,SD-TN,9471242,65905,N00027441,Bob_Corker,248423
9431,Patty Murray,D,Sen,SD-WA,18930579,53358,N00007876,Patty_Murray,165286
9432,Bill Nelson,D,Sen,SD-FL,6416097,1606,N00009926,Bill_Nelson_(Florida),205493
9434,Bernard Sanders,I,Sen,SD-VT,9960190,27110,N00000528,Bernie_Sanders,159116
9441,Benjamin Cardin,D,Sen,SD-MD,8046162,26888,N00001955,Ben_Cardin,158887
9443,Sheldon Whitehouse,D,Sen,SD-RI,373538,2572,N00027533,Sheldon_Whitehouse,248425
9444,John Cornyn,R,Sen,SD-TX,6646197,15375,N00024852,John_Cornyn,211675
9445,Mike Crapo,R,Sen,SD-ID,19890076,26830,N00006267,Mike_Crapo,165218
9447,Jon Kyl,R,Sen,SD-AZ,0,26721,N00006406,Jon_Kyl,165200
9448,John McCain,R,Sen,SD-AZ,19897785,53270,N00006424,John_McCain,165199
9450,Johnny Isakson,R,Sen,SD-GA,7238922,1721,N00002593,Johnny_Isakson,158812
9452,Michael Enzi,R,Sen,SD-WY,6651769,558,N00006249,Mike_Enzi,165292
9455,Jeff Sessions,R,Sen,SD-AL,22025634,443,N00003062,Jeff_Sessions,165196
9459,Susan Collins,R,Sen,SD-ME,10045641,379,N00000491,Susan_Collins_(Maine),165234
9460,Jack Reed,D,Sen,SD-RI,5584992,27060,N00000362,Jack_Reed,165269
9463,Michael Bennet,D,Sen,SD-CO,5995587,110942,N00030608,Michael_Bennet,274906
9469,Jeff Merkley,D,Sen,SD-OR,13005237,23644,N00029303,Jeff_Merkley,198129
9471,Jon Tester,D,Sen,SD-MT,7974707,20928,N00027605,Jon_Tester,196276
9472,Tom Udall,D,Sen,SD-NM,1864753,22658,N00006561,Tom_Udall,158967
9473,Mark Warner,D,Sen,SD-VA,6003122,535,N00002097,Mark_Warner,210000
9476,Al Franken,D,Sen,SD-MN,1646379,108924,N00029016,Al_Franken,266864
9478,James Inhofe,R,Sen,SD-OK,10938141,27027,N00005582,Jim_Inhofe,165264
9482,Pat Roberts,R,Sen,SD-KS,16368473,26866,N00005285,Pat_Roberts,165224
9483,John Barrasso,R,Sen,SD-WY,10154698,52662,N00006236,John_Barrasso,214311
9484,Chuck Grassley,R,Sen,SD-IA,6338995,53293,N00001758,Chuck_Grassley,165215
9486,Richard Burr,R,Sen,SD-NC,6860429,21787,N00002221,Richard_Burr,158938
9487,Thad Cochran,R,Sen,SD-MS,10931178,53312,N00003328,Thad_Cochran,165241
9488,Lindsey Graham,R,Sen,SD-SC,8463292,21992,N00009975,Lindsey_Graham,159057
9489,Orrin Hatch,R,Sen,SD-UT,1673075,53352,N00009869,Orrin_Hatch,165279
9491,Lisa Murkowski,R,Sen,SD-AK,6604204,15841,N00026050,Lisa_Murkowski,192554
9492,John Thune,R,Sen,SD-SD,19897787,398,N00004572,John_Thune,159061
9493,Roger Wicker,R,Sen,SD-MS,17659028,21926,N00003280,Roger_Wicker,158928
9496,James Risch,R,Sen,SD-ID,6576171,2919,N00029441,Jim_Risch,213702
9497,Mitch McConnell,R,Sen,SD-KY,9284790,53298,N00003389,Mitch_McConnell,165225
9500,Richard Shelby,R,Sen,SD-AL,7384087,53266,N00009920,Richard_Shelby,165195
9549,Tom Graves,R,Rep,HD-GA-14,6801736,31969,N00030788,Tom_Graves,211906
9624,Christopher Coons,D,Sen,SD-DE,5584171,122834,N00031820,Chris_Coons,286419
9625,Joe Manchin,D,Sen,SD-WV,7573477,7547,N00032838,Joe_Manchin_III,219013
9630,Tom Reed,R,Rep,HD-NY-23,17657549,127046,N00030949,Tom_Reed_(New_York),284901
11040,Diane Black,R,Rep,HD-TN-6,9363448,25292,N00031539,Diane_Black,199041
11041,Mo Brooks,R,Rep,HD-AL-5,6668470,121610,N00030910,Mo_Brooks,283897
11042,Larry Bucshon,R,Rep,HD-IN-8,7004017,120335,N00031227,Larry_Bucshon,284631
11045,Steve Chabot,R,Rep,HD-OH-1,16571277,21790,N00003689,Steve_Chabot,159001
11047,Eric Crawford,R,Rep,HD-AR-1,17657353,119208,N00030770,Rick_Crawford_(Arkansas),283914
11048,Sean Duffy,R,Rep,HD-WI-7,2928087,126238,N00030967,Sean_Duffy,284580
11049,Jeff Duncan,R,Rep,HD-SC-3,8045191,47967,N00030752,Jeff_Duncan_(South_Carolina),213970
11051,Bill Flores,R,Rep,HD-TX-17,17657601,116906,N00031545,Bill_Flores,287157
11052,Cory Gardner,R,Sen,SD-CO,5988870,30004,N00030780,Cory_Gardner,210102
11053,Bob Gibbs,R,Rep,HD-OH-7,3104545,45466,N00031128,Bob_Gibbs,212534
11054,Paul Gosar,R,Rep,HD-AZ-4,8461058,123491,N00030771,Paul_Gosar,283933
11055,Trey Gowdy,R,Rep,HD-SC-4,8346850,121782,N00030880,Trey_Gowdy,285066
11056,Vicky Hartzler,R,Rep,HD-MO-4,955870,8783,N00031005,Vicky_Hartzler,284768
11058,Bill Huizenga,R,Rep,HD-MI-2,6574786,38351,N00030673,Bill_Huizenga,288017
11059,Bill Johnson,R,Rep,HD-OH-6,17657550,120649,N00032088,Bill_Johnson_(Ohio),287357
11060,Adam Kinzinger,R,Rep,HD-IL-16,17657449,116559,N00030667,Adam_Kinzinger,284452
11061,James Lankford,R,Sen,HD-OK-5,17657561,124938,N00031129,James_Lankford,284972
11062,Billy Long,R,Rep,HD-MO-7,4394340,123401,N00030676,Billy_Long,284784
11063,David McKinley,R,Rep,HD-WV-1,7565199,117396,N00031681,David_McKinley,284510
11064,Mick Mulvaney,R,Rep,HD-SC-5,6670008,60348,N00031412,Mick_Mulvaney,249811
11066,Stevan Pearce,R,Rep,HD-NM-2,6638679,10655,N00012672,Steve_Pearce,310708
11067,Mike Pompeo,R,Rep,HD-KS-4,8842438,125023,N00030744,Mike_Pompeo,284661
11069,James Renacci,R,Rep,HD-OH-16,2900801,120678,N00031127,Jim_Renacci,284934
11072,Todd Rokita,R,Rep,HD-IN-4,6592215,34167,N00031741,Todd_Rokita,218889
11073,Dennis Ross,R,Rep,HD-FL-15,451808,12813,N00030645,Dennis_Ross,205890
11074,Tim Scott,R,Sen,HD-SC-1,6644860,11940,N00031782,Tim_Scott,272024
11077,Tim Walberg,R,Rep,HD-MI-7,200642,8618,N00026368,Tim_Walberg,248304
11080,Todd Young,R,Sen,SD-IN,7157141,120345,N00030670,Todd_Young,284637
11099,Steve Womack,R,Rep,HD-AR-3,9604218,71815,N00031857,Steve_Womack,285713
11100,Rob Woodall,R,Rep,HD-GA-7,17657434,122251,N00032416,Rob_Woodall,286515
11120,Lou Barletta,R,Rep,HD-PA-11,14995487,47143,N00025495,Lou_Barletta,266703
11123,Jeff Denham,R,Rep,HD-CA-10,13008566,28769,N00031593,Jeff_Denham,211732
11124,Scott DesJarlais,R,Rep,HD-TN-4,16586618,123473,N00030957,Scott_DesJarlais,285129
11127,Blake Farenthold,R,Rep,HD-TX-27,15084130,116919,N00031672,Blake_Farenthold,287179
11129,Charles Fleischmann,R,Rep,HD-TN-3,9391800,123456,N00030815,Charles_Fleischmann,285119
11132,Morgan Griffith,R,Rep,HD-VA-9,6276976,5148,N00032029,Morgan_Griffith,199430
11135,Jaime Herrera Beutler,R,Rep,HD-WA-3,2951218,101907,N00031559,Jaime_Herrera_Beutler,229353
11136,Randy Hultgren,R,Rep,HD-IL-14,2767639,18199,N00031104,Randy_Hultgren,194314
11137,Mike Kelly,R,Rep,HD-PA-3,5007914,119463,N00031647,Mike_Kelly_(Pennsylvania),286955
11138,Raul Labrador,R,Rep,HD-ID-1,12999774,57391,N00031377,Raul_Labrador,249702
11139,Tom Marino,R,Rep,HD-PA-10,17657570,119478,N00031777,Tom_Marino,286966
11140,Patrick Meehan,R,Rep,HD-PA-7,17657569,119474,N00031134,Patrick_Meehan,284999
11143,Steve Stivers,R,Rep,HD-OH-15,3672534,45333,N00029574,Steve_Stivers,213916
11144,Scott Tipton,R,Rep,HD-CO-3,6022986,65403,N00027509,Scott_Tipton,267906
11145,Daniel Webster,R,Rep,HD-FL-10,13011367,24302,N00026335,Daniel_Webster_(Florida),193483
11146,Kevin Yoder,R,Rep,HD-KS-3,6612812,34433,N00031502,Kevin_Yoder,212291
11162,Colleen Hanabusa,D,Rep,HD-HI-1,6401142,17745,N00025881,Colleen_Hanabusa,193912
11163,Martha Roby,R,Rep,HD-AL-2,17657350,71604,N00030768,Martha_Roby,283894
11164,Austin Scott,R,Rep,HD-GA-8,6805076,11812,N00032457,Austin_Scott,193858
11199,Richard Blumenthal,D,Sen,SD-CT,6378136,1568,N00031685,Richard_Blumenthal,218586
11200,Frederica Wilson,D,Rep,HD-FL-24,12999016,17319,N00030650,Frederica_Wilson,211856
11201,Terri Sewell,D,Rep,HD-AL-7,17657351,121621,N00030622,Terri_Sewell,283908
11271,Cedric Richmond,D,Rep,HD-LA-2,6410112,35384,N00030184,Cedric_Richmond,194997
11302,Karen Bass,D,Rep,HD-CA-37,22511,28963,N00031877,Karen_Bass,226476
11605,Andy Harris,R,Rep,HD-MD-1,4600723,19157,N00029147,Andy_Harris,195206
11606,David Schweikert,R,Rep,HD-AZ-6,8573431,106387,N00006460,David_Schweikert,267202
11799,Justin Amash,R,Rep,HD-MI-3,6676756,105566,N00031938,Justin_Amash,268350
11803,Kristi Noem,R,Rep,HD-SD,6669590,58189,N00032022,Kristi_Noem,0
11804,Steven Palazzo,R,Rep,HD-MS-4,6673196,69521,N00031958,Steven_Palazzo,249791
11807,David Cicilline,D,Rep,HD-RI-1,6441236,7349,N00032019,David_Cicilline,198593
11867,William Keating,D,Rep,HD-MA-9,17657478,4743,N00031933,Bill_Keating,286684
11893,Rand Paul,R,Sen,SD-KY,9337758,117285,N00030836,Rand_Paul,285781
11905,Pat Toomey,R,Sen,SD-PA,4944091,24096,N00001489,Pat_Toomey,159045
11907,Ron Johnson,R,Sen,SD-WI,2938769,126217,N00032546,Ron_Johnson_(Wisconsin),309565
11909,Mike Lee,R,Sen,SD-UT,19890610,66395,N00031696,Mike_Lee_(Utah),268656
11910,Marco Rubio,R,Sen,SD-FL,12999040,1601,N00030612,Marco_Rubio,193597
11966,Rob Portman,R,Sen,SD-OH,3094681,27008,N00003682,Rob_Portman,159002
11971,John Hoeven,R,Sen,SD-ND,144736,41788,N00031688,John_Hoeven,209683
13318,Mark Amodei,R,Rep,HD-NV-2,6596644,12537,N00031177,Mark_Amodei,197540
13869,Suzanne Bonamici,D,Rep,HD-OR-1,339835,59641,N00033474,Suzanne_Bonamici,249764
14026,Thomas Massie,R,Rep,HD-KY-4,9195688,132068,N00034041,Thomas_Massie,391510
14071,Donald Payne,D,Rep,HD-NJ-10,17658196,26957,N00034639,Donald_Payne_Jr.,409583
14081,Brian Schatz,D,Sen,SD-HI,6397188,17852,N00028138,Brian_Schatz,193945
14082,Joyce Beatty,D,Rep,HD-OH-3,2954872,2427,N00033904,Joyce_Beatty,197852
14083,Doug Collins,R,Rep,HD-GA-9,6671754,67851,N00033518,Doug_Collins,249158
14084,Richard Hudson,R,Rep,HD-NC-8,6611759,136448,N00033630,Richard_Hudson,161542
14085,Grace Meng,D,Rep,HD-NY-6,4676224,69157,N00034547,Grace_Meng,271828
14086,Richard Nolan,D,Rep,HD-MN-8,6255786,138505,N00021207,Rick_Nolan,378711
14090,Suzan DelBene,D,Rep,HD-WA-1,2610675,126272,N00030693,Suzan_DelBene,284676
14135,Chris Collins,R,Rep,HD-NY-27,4978019,139770,N00001285,Chris_Collins_(New_York),413516
14136,Elizabeth Esty,D,Rep,HD-CT-5,12998330,72826,N00033217,Elizabeth_Esty,272156
14137,Hakeem Jeffries,D,Rep,HD-NY-8,13009236,55285,N00033640,Hakeem_Jeffries,250929
14138,Sean Maloney,D,Rep,HD-NY-18,4512254,139760,N00034277,Sean_Maloney,413491
14882,Julia Brownley,D,Rep,HD-CA-26,1256839,59904,N00034254,Julia_Brownley,248455
14884,Matthew Cartwright,D,Rep,HD-PA-17,15013323,136236,N00034128,Matt_Cartwright,392004
14886,Paul Cook,R,Rep,HD-CA-8,6553062,58121,N00034224,Paul_Cook_(California),248491
14887,Tom Cotton,R,Sen,HD-AR-4,13607871,135651,N00033363,Tom_Cotton,378517
14888,Kevin Cramer,R,Rep,SD-ND,13010662,444,N00004614,Kevin_Cramer,240471
14889,Steve Daines,R,Sen,SD-MT,7687176,135720,N00033054,Steve_Daines,378524
14891,Ron DeSantis,R,Rep,HD-FL-6,17657831,137630,N00034746,Ron_DeSantis,424820
14893,Lois Frankel,D,Rep,HD-FL-22,12998905,8102,N00002893,Lois_Frankel,193594
14897,George Holding,R,Rep,HD-NC-13,6367035,136462,N00033399,George_Holding,316283
14898,Jared Huffman,D,Rep,HD-CA-2,13008447,59849,N00033030,Jared_Huffman,248432
14900,Alan Lowenthal,D,Rep,HD-CA-47,2422636,16469,N00033274,Alan_Lowenthal,193083
14902,Mark Meadows,R,Rep,HD-NC-11,5904346,136459,N00033631,Mark_Meadows_(North_Carolina),378689
14903,Markwayne Mullin,R,Rep,HD-OK-2,12013169,135898,N00033410,Markwayne_Mullin,378700
14905,Beto O'Rourke,D,Rep,HD-TX-16,17658418,78533,N00033540,Beto_O%27Rourke,378713
14906,Scott Perry,R,Rep,HD-PA-4,13005805,59980,N00034120,Scott_Perry,248703
14907,Robert Pittenger,R,Rep,HD-NC-9,5956762,41272,N00034416,Robert_Pittenger,212024
14909,Tom Rice,R,Rep,HD-SC-7,17658351,11763,N00033832,Tom_Rice_(South_Carolina),392043
14912,Keith Rothfus,R,Rep,HD-PA-12,15328020,119466,N00031253,Keith_Rothfus,284990
14916,Bradley Schneider,D,Rep,HD-IL-10,2671149,134948,N00033101,Brad_Schneider,378769
14918,Chris Stewart,R,Rep,HD-UT-2,17658507,135930,N00033932,Chris_Smith_(New_Jersey),392415
14920,Juan Vargas,D,Rep,HD-CA-51,622640,29100,N00007021,Juan_Vargas,143356
14921,Jackie Walorski,R,Rep,HD-IN-2,6659187,34205,N00031226,Jackie_Walorski,227370
14922,Randy Weber,R,Rep,HD-TX-14,13006857,102026,N00033539,Randy_Weber,269711
14923,Brad Wenstrup,R,Rep,HD-OH-2,2596103,135326,N00033310,Brad_Wenstrup,378835
14924,Roger Williams,R,Rep,HD-TX-25,17658466,50112,N00030602,Roger_Williams_(Texas),244512
14925,Ted Yoho,R,Rep,HD-FL-3,17657842,137622,N00033220,Ted_Yoho,378855
15051,Garland Barr,R,Rep,HD-KY-6,9192076,117290,N00031233,Andy_Barr,284674
15053,Tammy Duckworth,D,Sen,SD-IL,17658669,57442,N00027860,Tammy_Duckworth,264841
15054,Tulsi Gabbard,D,Rep,HD-HI-2,6401344,129306,N00033281,Tulsi_Gabbard,378573
15204,Daniel Kildee,D,Rep,HD-MI-5,520771,136102,N00033395,Dan_Kildee,294255
15205,Ami Bera,D,Rep,HD-CA-7,12556998,120030,N00030717,Ami_Bera,284011
15206,Rodney Davis,R,Rep,HD-IL-13,3054746,9622,N00034784,Rodney_Davis_(Illinois),160440
15207,John Delaney,D,Rep,HD-MD-6,4985632,135143,N00033897,John_Delaney,391562
15212,Jim Bridenstine,R,Rep,HD-OK-1,17658289,135894,N00033532,Jim_Bridenstine,378486
15213,Susan Brooks,R,Rep,HD-IN-5,17657978,135988,N00033495,Susan_Brooks,378487
15214,Cheri Bustos,D,Rep,HD-IL-17,15306815,134964,N00033390,Cheri_Bustos,378493
15216,Joaquin Castro,D,Rep,HD-TX-20,6396620,49227,N00033316,Joaquin_Castro,212619
15217,Tony Cardenas,D,Rep,HD-CA-29,17657742,9754,N00033373,Tony_C%C3%A1rdenas,193068
15223,Denny Heck,D,Rep,HD-WA-10,2606434,126058,N00031557,Denny_Heck,284686
15224,David Joyce,R,Rep,HD-OH-14,14885217,143052,N00035007,David_Joyce,439365
15225,Joseph Kennedy,D,Rep,HD-MA-4,17658014,116845,N00034044,Joseph_Kennedy_III,397746
15226,Derek Kilmer,D,Rep,HD-WA-6,1230035,51516,N00034453,Derek_Kilmer,226622
15227,Ann Kuster,D,Rep,HD-NH-2,9794994,122256,N00030875,Annie_Kuster,284835
15228,Doug LaMalfa,R,Rep,HD-CA-1,1560957,29713,N00033987,Doug_LaMalfa,211738
15229,Michelle Lujan Grisham,D,Rep,HD-NM-1,14043056,102404,N00029400,Michelle_Lujan_Grisham,378591
15230,Luke Messer,R,Rep,HD-IN-6,6659146,33997,N00012546,Luke_Messer,216650
15234,Mark Pocan,D,Rep,HD-WI-2,17658558,26238,N00033549,Mark_Pocan,199986
15235,Scott Peters,D,Rep,HD-CA-52,14148706,70351,N00033591,Scott_Peters,378729
15236,Raul Ruiz,D,Rep,HD-CA-36,17657757,136407,N00033510,Raul_Ruiz,291125
15237,Krysten Sinema,D,Rep,SD-AZ,6459171,28338,N00033983,Kyrsten_Sinema,227495
15238,Eric Swalwell,D,Rep,HD-CA-15,15742560,129529,N00033508,Eric_Swalwell,378800
15239,Mark Takano,D,Rep,HD-CA-41,17657771,22337,N00006701,Mark_Takano,378804
15240,David Valadao,R,Rep,HD-CA-21,13008587,120200,N00033367,David_Valadao,289367
15241,Marc Veasey,D,Rep,HD-TX-33,6453720,49671,N00033839,Marc_Veasey,228540
15242,Filemon Vela,D,Rep,HD-TX-34,17658451,137719,N00034349,Filemon_Vela_(Texas_U.S._representative),405531
15243,Ann Wagner,R,Rep,HD-MO-2,4493676,136083,N00033106,Ann_Wagner,378827
15313,Ted Cruz,R,Sen,SD-TX,210204,135705,N00033085,Ted_Cruz,378522
15315,Deb Fischer,R,Sen,SD-NE,13012823,41963,N00033443,Deb_Fischer,228296
15318,Heidi Heitkamp,D,Sen,SD-ND,2111551,41716,N00033782,Heidi_Heitkamp,391869
15348,Angus King,I,Sen,SD-ME,1792907,22381,N00034580,Angus_King,209655
15350,Elizabeth Warren,D,Sen,SD-MA,1789719,141272,N00033492,Elizabeth_Warren,309189
15418,Tim Kaine,D,Sen,SD-VA,5743146,50772,N00033177,Tim_Kaine,140385
16022,Robin Kelly,D,Rep,HD-IL-2,2665398,33384,N00035215,Robin_Kelly,212680
16031,Mark Sanford,R,Rep,HD-SC-1,6574045,21991,N00002424,Mark_Sanford_(South_Carolina),213216
16037,Jason Smith,R,Rep,HD-MO-8,6669122,59318,N00035282,Jason_Smith_(Missouri_representative),243054
16055,Cory Booker,D,Sen,SD-NJ,1987417,76151,N00035267,Cory_Booker,462025
16065,Katherine Clark,D,Rep,HD-MA-5,20536475,35858,N00035278,Katherine_Clark,263010
16101,Bradley Byrne,R,Rep,HD-AL-1,6583839,27584,N00035380,Bradley_Byrne,212089
16269,Donald Norcross,D,Rep,HD-NJ-1,6498707,116277,N00036154,Donald_Norcross,282657
16270,Dave Brat,R,Rep,HD-VA-7,24351695,152270,N00036013,David_Brat,483772
16271,Alma Adams,D,Rep,HD-NC-12,5890773,5935,N00035451,Alma_Adams,196595
16447,Rick Allen,R,Rep,HD-GA-12,6939101,136062,N00032240,Rick_Allen,378450
16449,Brian Babin,R,Rep,HD-TX-36,11282531,360,N00005736,Brian_Babin,481703
16450,Mike Bishop,R,Rep,HD-MI-8,1603105,152471,N00036449,Michael_Bishop_(Michigan),195690
16451,Rod Blum,R,Rep,HD-IA-1,3203235,135714,N00033744,Rod_Blum,378476
16452,Mike Bost,R,Rep,HD-IL-12,6577297,6302,N00035420,Mike_Bost,194400
16453,Ken Buck,R,Rep,HD-CO-4,12004621,125319,N00030829,Ken_Buck,285181
16454,Earl Carter,R,Rep,HD-GA-1,6806386,32085,N00035346,Earl_%22Buddy%22_Carter,228474
16455,Barbara Comstock,R,Rep,HD-VA-10,6680418,112252,N00036023,Barbara_Comstock,282950
16456,Ryan Costello,R,Rep,HD-PA-6,23442796,133557,N00031064,Ryan_Costello,288232
16457,Carlos Curbelo,R,Rep,HD-FL-26,364479,137676,N00035403,Carlos_Curbelo,282520
16458,Tom Emmer,R,Rep,HD-MN-6,12996955,38894,N00035440,Tom_Emmer,227769
16460,Glenn Grothman,R,Rep,HD-WI-6,2927726,3493,N00036409,Glenn_Grothman,199967
16462,Jody Hice,R,Rep,HD-GA-10,6805581,122246,N00032243,Jody_Hice,286516
16463,French Hill,R,Rep,HD-AR-2,9620575,146290,N00035792,French_Hill,475052
16464,Will Hurd,R,Rep,HD-TX-23,11895912,116911,N00031417,Will_Hurd,285248
16465,Evan Jenkins,R,Rep,HD-WV-3,7511614,8297,N00035531,Evan_Jenkins,200049
16466,John Katko,R,Rep,HD-NY-24,23598676,152546,N00035934,John_Katko,372325
16467,Stephen Knight,R,Rep,HD-CA-25,13008615,71098,N00035820,Stephen_Knight,267746
16468,Barry Loudermilk,R,Rep,HD-GA-11,12999116,31618,N00035347,Barry_Loudermilk,228409
16469,Mia Love,R,Rep,HD-UT-4,17658514,135957,N00033842,Mia_Love,392417
16470,Thomas MacArthur,R,Rep,HD-NJ-3,196708,152113,N00036155,Tom_MacArthur,489167
16471,John Moolenaar,R,Rep,HD-MI-4,609969,37676,N00036275,John_Moolenaar,212920
16472,Alexander Mooney,R,Rep,HD-WV-2,1280122,19114,N00033814,Alexander_Mooney,195200
16473,Dan Newhouse,R,Rep,HD-WA-4,2971537,51522,N00036403,Dan_Newhouse,211847
16474,Bruce Poliquin,R,Rep,HD-ME-2,6680655,120909,N00034584,Bruce_Poliquin,332312
16475,John Ratcliffe,R,Rep,HD-TX-4,18661779,147381,N00035972,John_Ratcliffe,478372
16476,David Rouzer,R,Rep,HD-NC-7,5876933,102964,N00033527,David_Rouzer,164497
16477,Elise Stefanik,R,Rep,HD-NY-21,21236694,152539,N00035523,Elise_Stefanik,247560
16478,David Trott,R,Rep,HD-MI-11,14515774,152477,N00035607,David_Trott,468215
16479,Mimi Walters,R,Rep,HD-CA-45,13008846,29346,N00035391,Mimi_Walters,226571
16480,Bruce Westerman,R,Rep,HD-AR-4,6682617,119120,N00035527,Bruce_Westerman,290802
16481,David Young,R,Rep,HD-IA-3,6056851,155218,N00035509,David_Young_(Iowa),236278
16482,Lee Zeldin,R,Rep,HD-NY-1,6684704,110252,N00029404,Lee_Zeldin,267328
16483,Ryan Zinke,R,Rep,HD-MT,6675530,104073,N00035616,Ryan_Zinke,271177
16485,Bonnie Coleman,D,Rep,HD-NJ-12,6389632,24799,N00036158,Bonnie_Watson_Coleman,362925
16487,Brendan Boyle,D,Rep,HD-PA-13,13006066,47357,N00035307,Brendan_Boyle,269627
16488,Don Beyer,D,Rep,HD-VA-8,1579842,1707,N00036018,Don_Beyer,487540
16490,Gary Palmer,R,Rep,HD-AL-6,22027757,146274,N00035691,Gary_Palmer,475776
16491,Kathleen Rice,D,Rep,HD-NY-4,6510977,127653,N00035927,Kathleen_Rice,489426
16492,Mark DeSaulnier,D,Rep,HD-CA-11,24686,69477,N00030709,Mark_DeSaulnier,248434
16494,Mark Walker,R,Rep,HD-NC-6,17046217,146255,N00035311,Mark_Walker_(North_Carolina),462217
16495,Norma Torres,D,Rep,HD-CA-35,6485739,71284,N00036107,Norma_Torres,267783
16496,Pete Aguilar,D,Rep,HD-CA-31,17657748,70114,N00033997,Pete_Aguilar,397292
16497,Ruben Gallego,D,Rep,HD-AZ-7,6507394,123732,N00036097,Ruben_Gallego,293802
16498,Seth Moulton,D,Rep,HD-MA-6,25004670,146299,N00035431,Seth_Moulton,464944
16499,Steve Russell,R,Rep,HD-OK-5,8743054,106528,N00036175,Steve_Russell,271940
16500,Ted Lieu,D,Rep,HD-CA-33,2451821,1516,N00035825,Ted_Lieu,240581
16501,Ralph Abraham,R,Rep,HD-LA-5,26395824,155414,N00036633,Ralph_Abraham,500558
16502,Debbie Dingell,D,Rep,HD-MI-12,252193,152482,N00036149,Debbie_Dingell,357079
16503,Garret Graves,R,Rep,HD-LA-6,26395838,155424,N00036135,Garret_Graves,160828
16504,Brenda Lawrence,D,Rep,HD-MI-14,301691,78851,N00034068,Brenda_Lawrence_(Michigan),391655
16505,Martha McSally,R,Rep,SD-AZ,17657675,137299,N00033982,Martha_McSally,401802
16519,Joni Ernst,R,Sen,SD-IA,6151700,128583,N00035483,Joni_Ernst,328986
16520,David Perdue,R,Sen,SD-GA,12377537,151330,N00035516,David_Perdue,474720
16521,Mike Rounds,R,Sen,SD-SD,6580808,7455,N00035187,Mike_Rounds,198882
16522,Ben Sasse,R,Sen,SD-NE,23353806,150182,N00035544,Ben_Sasse,229398
16523,Dan Sullivan,R,Sen,SD-AK,39833727,114964,N00035774,Daniel_S._Sullivan,328336
16524,Thom Tillis,R,Sen,SD-NC,5942566,57717,N00035492,Thom_Tillis_(North_Carolina),250143
16824,Stacey Plaskett,D,Rep,HD-VI,0,155929,N00035000,Stacey_Plaskett,439826
17510,Amata Radewagen,D,Rep,HD-AS,0,128380,N00007635,Aumua_Amata_Radewagen,439739
17698,Daniel Donovan,R,Rep,HD-NY-11,5036479,126127,N00036928,Daniel_Donovan_(New_York),535544
17704,Trent Kelly,R,Rep,HD-MS-1,29268676,156389,N00037003,Trent_Kelly,536266
17717,Darin LaHood,R,Rep,HD-IL-18,2782492,128760,N00037031,Darin_LaHood,333096
17958,Warren Davidson,R,Rep,HD-OH-8,2882234,166760,N00038767,Warren_Davidson,565476
17980,James Comer,R,Rep,HD-KY-1,13000729,35169,N00038260,James_Comer_Jr.,205575
17981,Dwight Evans,D,Rep,HD-PA-2,13006152,9128,N00038450,Dwight_Evans,198425
18286,Jody Arrington,R,Rep,HD-TX-19,26357872,155685,N00038285,Jodey_Arrington,555820
18287,Don Bacon,R,Rep,HD-NE-2,32158683,166299,N00037049,Don_Bacon,346086
18288,Jim Banks,R,Rep,HD-IN-3,2949733,116801,N00037185,Jim_Banks_(Indiana),291462
18289,Nanette Barragan,D,Rep,HD-CA-44,39707282,166270,N00037019,Nanette_Barrag%C3%A1n,536062
18290,Jack Bergman,R,Rep,HD-MI-1,39849758,170172,N00039533,Jack_Bergman,577460
18291,Andy Biggs,R,Rep,HD-AZ-5,6602301,28088,N00039293,Andy_Biggs,212155
18292,Lisa Rochester,D,Rep,HD-DE,38420440,173249,N00038414,Lisa_Blunt_Rochester,558891
18293,Anthony Brown,D,Rep,HD-MD-4,5017996,19344,N00036999,Anthony_Brown_(Maryland),195317
18294,Ted Budd,R,Rep,HD-NC-13,40620470,171489,N00039551,Ted_Budd,576530
18295,Salud Carbajal,D,Rep,HD-CA-24,39707235,81569,N00037015,Salud_Carbajal,460424
18296,Liz Cheney,R,Rep,HD-WY,15475560,171319,N00035504,Liz_Cheney,464230
18297,Luis Correa,D,Rep,HD-CA-46,6398747,9732,N00037260,Lou_Correa,193097
18298,Charlie Crist,D,Rep,HD-FL-13,1736080,24311,N00002942,Charlie_Crist,218595
18299,Val Demings,D,Rep,HD-FL-10,69035,137637,N00033449,Val_Demings,378538
18300,Neal Dunn,R,Rep,HD-FL-2,117671,166297,N00037442,Neal_Dunn,547694
18301,Adriano Espaillat,D,Rep,HD-NY-13,6512516,14379,N00034549,Adriano_Espaillat,197725
18302,John Faso,R,Rep,HD-NY-19,4553878,4311,N00037288,John_Faso,197754
18303,Drew Ferguson,R,Rep,HD-GA-3,7259444,168132,N00039090,Drew_Ferguson,603326
18304,Brian Fitzpatrick,R,Rep,HD-PA-8,39434649,167708,N00038779,Brian_Fitzpatrick,568624
18305,Matt Gaetz,R,Rep,HD-FL-1,12998496,117101,N00039503,Matt_Gaetz,286600
18306,Mike Gallagher,R,Rep,HD-WI-8,40609598,171843,N00039330,Mike_Gallagher_(New_York),577549
18307,Thomas Garrett,R,Rep,HD-VA-5,5733237,88891,N00038847,Thomas_Garrett,362382
18308,Vicente Gonzalez,D,Rep,HD-TX-15,17872003,166483,N00038809,Vicente_Gonzalez_Jr.,561764
18309,Josh Gottheimer,D,Rep,HD-NJ-5,39707518,169202,N00036944,Josh_Gottheimer,346665
18310,Clay Higgins,R,Rep,HD-LA-3,41316479,174484,N00039953,Clay_Higgins,588003
18311,Trey Hollingsworth,R,Rep,HD-IN-9,38300304,167423,N00038429,Trey_Hollingsworth,557042
18312,Pramila Jayapal,D,Rep,HD-WA-7,2644458,153141,N00038858,Pramila_Jayapal,499054
18313,Mike Johnson,R,Rep,HD-LA-4,19895272,156097,N00039106,Mike_Johnson_(Louisiana),527158
18314,Ro Khanna,D,Rep,HD-CA-17,373494,29473,N00026427,Ro_Khanna,281537
18315,Ruben Kihuen,D,Rep,HD-NV-4,6476722,66851,N00033530,Ruben_Kihuen,0
18316,Raja Krishnamoorthi,D,Rep,HD-IL-8,6265333,117519,N00033240,Raja_Krishnamoorthi,385662
18317,David Kustoff,R,Rep,HD-TN-8,9383528,48997,N00025445,David_Kustoff,570162
18318,Al Lawson,D,Rep,HD-FL-5,23377,24263,N00030642,Alfred_Lawson,193519
18319,Jason Lewis,R,Rep,HD-MN-2,40606506,171558,N00038400,Jason_Lewis_(Minnesota),555795
18320,Roger Marshall,R,Rep,HD-KS-1,8816503,172080,N00037034,Roger_Marshall,536160
18321,Brian Mast,R,Rep,HD-FL-18,32158682,166245,N00037269,Brian_Mast,541019
18322,Donald McEachin,D,Rep,HD-VA-4,5798194,8230,N00039327,Donald_McEachin,199496
18323,Paul Mitchell,R,Rep,HD-MI-10,79401,152464,N00036274,Paul_Mitchell,495790
18324,Stephanie Murphy,D,Rep,HD-FL-7,323583,173426,N00040133,Stephanie_Murphy,588810
18325,Tom O'Halleran,D,Rep,HD-AZ-1,12997748,28499,N00037515,Tom_O%27Halleran,205735
18326,Jimmy Panetta,D,Rep,HD-CA-20,35018515,169078,N00038601,Jimmy_Panetta,561057
18327,Jamie Raskin,D,Rep,HD-MD-8,1066956,65904,N00037036,Jamie_Raskin,248823
18328,Francis Rooney,R,Rep,HD-FL-19,1486745,172678,N00040007,Francis_Rooney,588424
18329,Jacky Rosen,D,Rep,SD-NV,39827617,169471,N00038734,Jacky_Rosen,567336
18330,John Rutherford,R,Rep,HD-FL-4,37039917,172542,N00039777,John_Rutherford_(Florida),581000
18331,Lloyd Smucker,R,Rep,HD-PA-16,5582657,102454,N00038781,Lloyd_Smucker,269658
18332,Darren Soto,D,Rep,HD-FL-9,198924,67618,N00037422,Darren_Soto,255376
18333,Thomas Suozzi,D,Rep,HD-NY-3,12996931,92111,N00038742,Tom_Suozzi,462663
18334,Scott Taylor,R,Rep,HD-VA-2,16700084,144514,N00031263,Scott_Taylor_(Virginia),0
18335,Claudia Tenney,R,Rep,HD-NY-22,4644381,127668,N00036351,Claudia_Tenney,216162
18411,Jenniffer Gonzalez-Colon,R,Rep,HD-PR,0,47514,N00037615,Jenniffer_Gonz%C3%A1lez-Col%C3%B3n,221612
18412,Kamala Harris,D,Sen,SD-CA,21642,120012,N00036915,Kamala_Harris,314474
18413,John Kennedy,R,Sen,SD-LA,13010864,35496,N00026823,John_Neely_Kennedy,240389
18485,Catherine Cortez Masto,D,Sen,SD-NV,13010255,69579,N00037161,Catherine_Cortez_Masto,252293
18486,Margaret Hassan,D,Sen,SD-NH,9693318,42552,N00038397,Maggie_Hassan,227982
19288,Luther Strange,R,Sen,SD-AL,6668575,121424,N00040607,Luther_Strange,289193
19370,Ron Estes,R,Rep,HD-KS-4,6691026,125031,N00040712,Ron_Estes_(U.S._House_representative),311777
19403,Greg Gianforte,R,Rep,HD-MT,7734214,168594,N00040733,Greg_Gianforte,574195
19406,Karen Handel,R,Rep,HD-GA-6,6805507,69553,N00035477,Karen_Handel,251780
19407,Ralph Norman,R,Rep,HD-SC-5,6126950,47930,N00027783,Ralph_Norman,227505
19409,Jimmy Gomez,D,Rep,HD-CA-34,13008707,138524,N00040597,Jimmy_Gomez,390070
19436,John Curtis,R,Rep,HD-UT-3,6444263,123390,N00041221,John_Curtis_(Utah),626323
19499,Tina Smith,D,Sen,SD-MN,4173995,152968,N00042353,Tina_Smith,332335
19529,Doug Jones,D,Sen,SD-AL,15183709,176464,N00024817,Doug_Jones_(Alabama),625255
19622,Cindy Hyde-Smith,R,Sen,SD-MS,6408036,20784,N00043298,Cindy_Hyde-Smith,196212
19626,Conor Lamb,D,Rep,HD-PA-18,44045038,177656,N00041870,Conor_Lamb,638992
19646,Debbie Lesko,R,Rep,HD-AZ-8,12997825,106483,N00042056,Debbie_Lesko,267627
19664,Michael Cloud,R,Rep,HD-TX-27,44045161,177350,N00041882,Michael_Cloud_(Texas),636744
19676,Troy Balderson,R,Rep,HD-OH-12,3499988,102781,N00042194,Troy_Balderson,271784
19692,Kevin Hern,R,Rep,HD-OK-1,44044988,180004,N00040829,Kevin_Hern,618789
19693,Joseph Morelle,D,Rep,HD-NY-25,5413103,145182,N00043207,Joseph_Morelle,197784
19694,Mary Gay Scanlon,D,Rep,HD-PA-5,44954452,178890,N00042706,Mary_Gay_Scanlon,655204
19700,Susan Wild,D,Rep,HD-PA-7,17853601,178895,N00041997,Susan_Wild,638609
19706,Brenda Jones,D,Rep,HD-MI-13,0,75766,N00042648,Brenda_Jones_(Michigan),654228
9285,Ann Kirkpatrick,D,Rep,HD-AZ-1,6459062,28425,N00029260,Ann_Kirkpatrick,227470
15208,Steven Horsford,D,Rep,HD-NV-4,13012984,44064,N00033638,Steven_Horsford,227658
20039,Colin Allred,D,Rep,HD-TX-32,44045171,177357,N00040989,Colin_Allred,623979
20040,Kelly Armstrong,R,Rep,HD-ND-1,11029961,139338,N00042868,Kelly_Armstrong,411641
20041,Cindy Axne,D,Rep,HD-IA-3,44044592,179226,N00041104,Cindy_Axne,627442
20042,James Baird,R,Rep,HD-IN-4,6682179,86013,N00041954,James_Baird,291484
20043,Anthony Brindisi,D,Rep,HD-NY-22,13009387,135258,N00041385,Anthony_Brindisi,359075
20044,Tim Burchett,R,Rep,HD-TN-2,6607163,24379,N00041594,Tim_Burchett,198970
20045,Ed Case,D,Rep,HD-HI-1,10085353,3422,N00025882,Ed_Case,193944
20046,Sean Casten,D,Rep,HD-IL-6,43471680,176982,N00041338,Sean_Casten,629120
20047,Ben Cline,R,Rep,HD-VA-6,6613874,50959,N00042296,Ben_Cline,212955
20048,Angela Craig,D,Rep,HD-MN-2,32141809,166261,N00037039,Angie_Craig,536254
20049,Dan Crenshaw,R,Rep,HD-TX-2,44449939,177270,N00042224,Daniel_Crenshaw,644108
20050,Jason Crow,D,Rep,HD-CO-6,44044490,180218,N00040876,Jason_Crow,621716
20051,Joe Cunningham,D,Rep,HD-SC-1,44045045,179601,N00041400,Joe_Cunningham,629803
20052,Gil Cisneros,D,Rep,HD-CA-39,17779260,179370,N00041464,Gil_Cisneros,631203
20053,TJ Cox,D,Rep,HD-CA-21,44932483,57197,N00028122,TJ_Cox,629652
20054,Sharice Davids,D,Rep,HD-KS-3,15561443,181201,N00042626,Sharice_Davids,655850
20055,Antonio Delgado,D,Rep,HD-NY-19,44044927,180313,N00040741,Antonio_Delgado_(New_York),617501
20056,Madeleine Dean,D,Rep,HD-PA-4,4701392,136484,N00042894,Madeleine_Dean,569358
20057,Veronica Escobar,D,Rep,HD-TX-16,44045126,99345,N00041702,Veronica_Escobar,634679
20058,Abby Finkenauer,D,Rep,HD-IA-1,21098123,151127,N00040888,Abby_Finkenauer,491276
20059,Elizabeth Fletcher,D,Rep,HD-TX-7,44045104,177031,N00041194,Lizzie_Pannill_Fletcher,625330
20060,Russ Fulcher,R,Rep,HD-ID-1,6668632,33091,N00041335,Russ_Fulcher,239426
20061,Jesus Garcia,D,Rep,HD-IL-4,28299070,6261,N00042114,Jesus_Garcia,645347
20062,Sylvia Garcia,D,Rep,HD-TX-29,16351467,49734,N00042282,Sylvia_Garcia,454041
20063,Anthony Gonzalez,R,Rep,HD-OH-16,44044985,178867,N00041690,Anthony_Gonzalez,634993
20064,Lance Gooden,R,Rep,HD-TX-5,6681277,116935,N00042237,Lance_Gooden,236203
20065,Mark Green,R,Rep,HD-TN-7,11030026,139030,N00041873,Mark_Green_(Tennessee),399479
20066,Michael Guest,R,Rep,HD-MS-3,16352053,179667,N00042458,Michael_Guest,651006
20067,Jared Golden,D,Rep,HD-ME-2,23424266,151420,N00041668,Jared_Golden,372438
20068,Debra Haaland,D,Rep,HD-NM-1,8997515,149368,N00040933,Debra_Haaland,491018
20069,Jahana Hayes,D,Rep,HD-CT-5,45681143,181744,N00043421,Jahana_Hayes,666101
20070,Kendra Horn,D,Rep,HD-OK-5,41922076,180018,N00041394,Kendra_Horn,629660
20071,Chrissy Houlahan,D,Rep,HD-PA-6,44045003,178893,N00040949,Chrissy_Houlahan,621721
20072,Katie Hill,D,Rep,HD-CA-25,44044404,179354,N00040644,Katie_Hill,618828
20073,James Hagedorn,R,Rep,HD-MN-1,24609149,146027,N00031390,Jim_Hagedorn,284731
20074,Josh Harder,D,Rep,HD-CA-10,43937863,179326,N00040853,Josh_Harder,624344
20075,Dusty Johnson,R,Rep,HD-SD-1,43398875,48307,N00040559,Dusty_Johnson,240544
20076,John Joyce,R,Rep,HD-PA-13,44955073,178911,N00043242,John_Joyce_(Pennsylvania),659206
20077,Andy Kim,D,Rep,HD-NJ-3,44044858,179640,N00041370,Andrew_Kim_(New_Jersey),628795
20078,Suzanne Lee,D,Rep,HD-NV-3,9713907,169344,N00037247,Susie_Lee,541030
20079,Elaine Luria,D,Rep,HD-VA-2,45301001,179677,N00042293,Elaine_Luria,644669
20080,Andy Levin,D,Rep,HD-MI-9,6479763,66287,N00042149,Andy_Levin,646744
20081,Mike Levin,D,Rep,HD-CA-49,44044456,179416,N00040667,Mike_Levin,617967
20082,Tom Malinowski,D,Rep,HD-NJ-7,44044869,179645,N00041843,Tom_Malinowski,495180
20083,Dan Meuser,R,Rep,HD-PA-9,4671601,102438,N00029416,Dan_Meuser,331999
20084,Carol Miller,R,Rep,HD-WV-3,6659422,52123,N00041542,Carol_Miller_(West_Virginia),249553
20085,Debbie Mucarsel-Powell,D,Rep,HD-FL-26,41609857,173449,N00041561,Debbie_Mucarsel-Powell,588900
20086,Lucy McBath,D,Rep,HD-GA-6,44893293,178538,N00042813,Lucy_McBath,658185
20087,Ben McAdams,D,Rep,HD-UT-4,6501982,117512,N00042013,Ben_McAdams,283501
20088,Joseph Neguse,D,Rep,HD-CO-2,23406914,151075,N00041080,Joe_Neguse,485964
20089,Alexandria Ocasio-Cortez,D,Rep,HD-NY-14,43884749,180416,N00041162,Alexandria_Ocasio-Cortez,624858
20090,Ilhan Omar,D,Rep,HD-MN-5,40606750,171628,N00043581,Ilhan_Omar,583510
20091,Christopher Pappas,D,Rep,HD-NH-1,6394987,42635,N00042161,Chris_Pappas,213040
20092,Gregory Pence,R,Rep,HD-IN-6,44044678,177876,N00041956,Greg_Pence,640272
20093,Dean Phillips,D,Rep,HD-MN-3,14700222,181357,N00041134,Dean_Phillips,626096
20094,Ayanna Pressley,D,Rep,HD-MA-7,45365104,122700,N00042581,Ayanna_Pressley,234321
20095,Katie Porter,D,Rep,HD-CA-45,44044441,179393,N00040865,Katie_Porter,621002
20096,Guy Reschenthaler,R,Rep,HD-PA-37,24650451,166004,N00041871,Guy_Reschenthaler,560660
20097,Denver Riggleman,R,Rep,HD-VA-5,37981574,181445,N00043541,Denver_Riggleman,613877
20098,John Rose,R,Rep,HD-TN-6,44045074,180452,N00041599,John_Rose_(Tennessee),632997
20099,Max Rose,D,Rep,HD-NY-11,44044919,180409,N00041588,Max_Rose,632434
20100,Chip Roy,R,Rep,HD-TX-21,44449969,177319,N00042268,Chip_Roy,223268
20101,Harley Rouda,D,Rep,HD-CA-48,43645647,179404,N00040666,Harley_Rouda,617606
20102,Donna Shalala,D,Rep,HD-FL-27,39547205,182301,N00042811,Donna_Shalala,658165
20103,Rebecca Sherrill,D,Rep,HD-NJ-11,43965079,179651,N00041154,Mikie_Sherrill,625260
20104,Elissa Slotkin,D,Rep,HD-MI-8,44044762,181080,N00041357,Elissa_Slotkin,261745
20105,Abigail Spanberger,D,Rep,HD-VA-7,44045205,179682,N00041418,Abigail_Spanberger,630216
20106,Ross Spano,R,Rep,HD-FL-15,13889263,142164,N00043319,Ross_Spano,425567
20107,Greg Stanton,D,Rep,HD-AZ-9,44044364,72030,N00041750,Greg_Stanton,638908
20108,Pete Stauber,R,Rep,HD-MN-8,44044791,159954,N00041511,Pete_Stauber,630211
20109,Bryan Steil,R,Rep,HD-WI-1,45356811,181289,N00043379,Bryan_Steil,664604
20110,Greg Steube,R,Rep,HD-FL-17,6692870,117248,N00042808,Greg_Steube,289471
20111,Haley Stevens,D,Rep,HD-MI-11,44044764,181092,N00040915,Haley_Stevens,623571
20112,Kim Schrier,D,Rep,HD-WA-8,44045231,181124,N00041606,Kim_Schrier,632874
20113,Nicholas Taylor,R,Rep,HD-TX-3,2375514,183369,N00027709,Nicholas_Taylor_(Texas),287415
20114,William Timmons,R,Rep,HD-SC-4,20742278,168923,N00042715,William_Timmons,575426
20115,Rashida Tlaib,D,Rep,HD-MI-13,13002117,105368,N00042649,Rashida_Tlaib,268236
20116,Lori Trahan,D,Rep,HD-MA-3,15875826,182310,N00041808,Lori_Trahan,636951
20117,David Trone,D,Rep,HD-MD-6,5631712,167336,N00039122,David_Trone,568351
20118,Xochitl Torres Small,D,Rep,HD-NM-2,9024230,177978,N00042467,Xochitl_Torres_Small,277948
20119,Lauren Underwood,D,Rep,HD-IL-14,44044644,177001,N00041569,Lauren_Underwood,601601
20120,Jeff Van Drew,D,Rep,HD-NJ-2,6389812,24685,N00042164,Jeff_Van_Drew,209970
20121,Michael Waltz,R,Rep,HD-FL-6,45399438,182261,N00042403,Michael_Waltz,652214
20122,Steve Watkins,R,Rep,HD-KS-2,45399292,181200,N00042126,Steve_Watkins,643123
20123,Jennifer Wexton,D,Rep,HD-VA-10,19907288,147013,N00041002,Jennifer_Wexton,484877
20124,Ron Wright,R,Rep,HD-TX-6,44105354,78666,N00042240,Ronald_Wright,206142
20125,Michael San Nicolas,D,Rep,HD-GU,0,185972,,Michael_F.Q._San_Nicolas,450531
20294,Mike Braun,R,Sen,SD-IN,21084493,148564,N00041731,Mike_Braun,484213
20295,Josh Hawley,R,Sen,SD-MO,16205449,169716,N00041620,Josh_Hawley,572072
20296,Mitt Romney,R,Sen,SD-UT,43351,21942,N00000286,Mitt_Romney,213247
20297,Rick Scott,R,Sen,SD-FL,422306,124204,N00043290,Rick_Scott,289276
21368,Fred Keller,R,Rep,HD-PA-12,4675316,119553,N00044065,Fred_Keller,292563
21385,Dan Bishop,R,Rep,HD-NC-9,92423,16777215,N00044335,Dan_Bishop,488139
21386,Greg Murphy,R,Rep,HD-NC-3,166135,5975268,N00044027,Gregory_Murphy,558576
21467,Kelly Loeffler,R,Sen,SD-GA,6803079,188718,N00046125,Kelly_Loeffler,724457
21642,Kweisi Mfume,D,Rep,HD-MD-7,48524635,26892,N00001799,Kweisi_Mfume,722075
21646,Mike Garcia,R,Rep,HD-CA-25,48160633,188664,N00044298,Mike_Garcia,703179
21647,Tom Tiffany,R,Rep,HD-WI-7,48524679,51831,N00045307,Tom_Tiffany,310033
21660,Christopher Jacobs,R,Rep,HD-NY-27,4932339,59772,N00044575,Christopher_Jacobs,590329
21702,Mark Kelly,D,Sen,SD-AZ,48160599,190594,N00044223,Mark_Kelly,709398
21711,Kwanza Hall,D,Rep,HD-GA-5,50548062,71969,,Kwanza_Hall,747892
9296,Cynthia Lummis,R,Sen,SD-WY,6365823,15546,N00029788,Cynthia_Lummis,240578
21921,Jerry Carl,R,Rep,HD-AL-1,48161159,143749,N00044245,Jerry_Carl,702881
21922,Barry Moore,R,Rep,HD-AL-2,12997504,121792,N00041295,Barry_Moore_(Alabama),290770
21923,Sara Jacobs,D,Rep,HD-CA-53,19388816,179414,N00042081,Sara_Jacobs,644085
21924,Young Kim,R,Rep,HD-CA-39,22215539,151787,N00042386,Young_Kim_(California),494206
21925,Jay Obernolte,R,Rep,HD-CA-8,13479345,151831,N00045377,Jay_Obernolte,494135
21926,Michelle Steel,R,Rep,HD-CA-48,197551,157194,N00044501,Michelle_Steel,694474
21927,Lauren Boebert,R,Rep,HD-CO-3,19528829,191290,N00045974,Lauren_Boebert,724132
21928,Kat Cammack,R,Rep,HD-FL-3,49284296,191306,N00045978,Kat_Cammack,447426
21929,Byron Donalds,R,Rep,HD-FL-19,17657863,137655,N00034016,Byron_Donalds,391126
21930,Scott Franklin,R,Rep,HD-FL-15,49846565,191355,N00046760,Scott_Franklin,735595
21931,Carlos Gimenez,R,Rep,HD-FL-26,49846593,81366,N00046394,Carlos_Gimenez,731724
21932,Maria Salazar,R,Rep,HD-FL-27,45399472,182300,N00042810,Maria_Elvira_Salazar,658161
21933,Carolyn Bourdeaux,D,Rep,HD-GA-7,44044572,178540,N00041791,Carolyn_Bourdeaux,629889
21934,Andrew Clyde,R,Rep,HD-GA-9,49394308,189770,N00046654,Andrew_Clyde,733887
21935,Marjorie Greene,R,Rep,HD-GA-14,48161226,189785,N00044701,Marjorie_Taylor_Greene,707878
21936,Nikema Williams,D,Rep,HD-GA-5,26177470,176751,N00047361,Nikema_Williams,648743
21937,Kaialii Kahele,D,Rep,HD-HI-2,40622379,167669,N00044007,Kaiali%27i_Kahele,570229
21938,Randy Feenstra,R,Rep,HD-IA-4,6079832,103301,N00044011,Randy_Feenstra,271911
21939,Ashley Hinson,R,Rep,HD-IA-1,38148887,168783,N00044521,Ashley_Hinson,572935
21940,Mariannette Miller-Meeks,R,Rep,HD-IA-2,6022032,103294,N00029495,Mariannette_Miller-Meeks,267080
21941,Mary Miller,R,Rep,HD-IL-15,48161308,187988,N00045703,Mary_Miller_(Illinois),721413
21942,Marie Newman,D,Rep,HD-IL-3,26794368,177075,N00040891,Marie_Newman,619144
21943,Frank Mrvan,D,Rep,HD-IN-1,6393363,113775,N00045905,Frank_Mrvan_(Indiana_congressional_candidate),722372
21944,Victoria Spartz,R,Rep,HD-IN-5,6986460,178203,N00046537,Victoria_Spartz,638877
21945,Jacob Laturner,R,Rep,HD-KS-2,6677579,107024,N00044232,Jacob_LaTurner,298236
21946,Tracey Mann,R,Rep,HD-KS-1,15488021,125007,N00030743,Tracey_Mann,284640
21947,Jake Auchincloss,D,Rep,HD-MA-4,48161414,173832,N00045506,Jake_Auchincloss,719720
21948,Lisa McClain,R,Rep,HD-MI-10,49944007,191633,N00045730,Lisa_McClain,721727
21949,Peter Meijer,R,Rep,HD-MI-3,48161474,191586,N00044884,Peter_Meijer,711440
21950,Michelle Fischbach,R,Rep,HD-MN-7,13012379,3882,N00045251,Michelle_Fischbach,195769
21951,Cori Bush,D,Rep,HD-MO-1,39656831,169020,N00039373,Cori_Bush,571342
21952,Matt Rosendale,R,Rep,HD-MT,13003681,120815,N00035517,Matt_Rosendale,290215
21953,David Cawthorn,R,Rep,HD-NC-1,47193959,188527,N00046252,Madison_Cawthorn,726429
21954,Kathy Manning,D,Rep,HD-NC-6,1441679,178304,N00042159,Kathy_Manning,646745
21955,Deborah Ross,D,Rep,HD-NC-2,5853356,41560,N00038565,Deborah_Ross,211983
21956,Yvette Herrell,R,Rep,HD-NM-2,13004431,121681,N00041454,Yvette_Herrell,299694
21957,Teresa Fernandez,D,Rep,HD-NM-3,1921149,189882,N00044559,Teresa_Leger_Fernandez,453352
21958,Jamaal Bowman,D,Rep,HD-NY-16,48160953,191205,N00044790,Jamaal_Bowman,709495
21959,Andrew Garbarino,R,Rep,HD-NY-2,15666124,143103,N00046030,Andrew_Garbarino,433049
21960,Mondaire Jones,D,Rep,HD-NY-17,48160943,191209,N00044908,Mondaire_Jones,711453
21961,Nicole Malliotakis,R,Rep,HD-NY-11,13009241,127929,N00044040,Nicole_Malliotakis,309650
21962,Ritchie Torres,D,Rep,HD-NY-15,48161012,161718,N00044346,Ritchie_Torres,703996
21963,Stephanie Bice,R,Rep,HD-OK-5,23442515,152294,N00044579,Stephanie_Bice,495403
21964,Cliff Bentz,R,Rep,HD-OR-2,4964521,102400,N00045773,Cliff_Bentz,262468
21965,Nancy Mace,R,Rep,HD-SC-1,23424620,146076,N00035670,Nancy_Mace,466143
21966,Diana Harshbarger,R,Rep,HD-TN-1,49626376,190524,N00046688,Diana_Harshbarger,734559
21967,Patrick Fallon,R,Rep,HD-TX-4,12553367,115056,N00047264,Pat_Fallon,414616
21968,Ernest Gonzales,R,Rep,HD-TX-23,48161835,188225,N00044592,Tony_Gonzales,706319
21969,Ronny Jackson,R,Rep,HD-TX-13,48644982,188325,N00046055,Ronny_Jackson,342600
21970,Troy Nehls,R,Rep,HD-TX-22,48645001,188334,N00046067,Troy_Nehls,719080
21971,August Pfluger,R,Rep,HD-TX-11,48161883,188165,N00045421,August_Pfluger,717802
21972,Elizabeth Van Duyne,R,Rep,HD-TX-24,48161909,79150,N00045167,Beth_Van_Duyne,661605
21973,Blake Moore,R,Rep,HD-UT-1,49449645,191164,N00046598,Blake_Moore,732706
21974,Burgess Owens,R,Rep,HD-UT-4,24352095,191166,N00045812,Burgess_Owens,722306
21975,Robert Good,R,Rep,HD-VA-5,48161945,190745,N00045557,Bob_Good,718990
21976,Marilyn Strickland,D,Rep,HD-WA-10,49946469,80596,N00046320,Marilyn_Strickland,727678
21977,Scott Fitzgerald,R,Rep,HD-WI-5,13013877,3446,N00045434,Scott_Fitzgerald,199880
22003,Tommy Tuberville,R,Sen,SD-AL,48161175,188306,N00044434,Tommy_Tuberville,703296
22004,John Hickenlooper,D,Sen,SD-CO,6001155,71547,N00044206,John_Hickenlooper,288619
22005,Bill Hagerty,R,Sen,SD-TN,2170351,128466,N00045369,Bill_Hagerty,333606
22485,Jon Ossoff,D,Sen,SD-GA,43492014,176134,N00040675,Jon_Ossoff,251917
22486,Alex Padilla,D,Sen,SD-CA,6468901,59742,N00047888,Alex_Padilla,248511
22487,Raphael Warnock,D,Sen,SD-GA,18063880,189794,N00046489,Raphael_Warnock,730636
22915,Julia Letlow,R,Rep,HD-LA-5,52851959,195745,N00047972,Julia_Letlow,768497
22929,Troy Carter,D,Rep,HD-LA-2,5051668,35462,N00025766,Troy_Carter,266759
22939,Melanie Stansbury,D,Rep,HD-NM-1,44581391,180789,N00047871,Melanie_Ann_Stansbury,461875
22947,Jake Ellzey,R,Rep,HD-TX-6,22214513,68070,N00042243,Jake_Ellzey,533891
22966,Shontel Brown,D,Rep,HD-OH-11,2964354,161622,N00047875,Shontel_Brown,772727
22967,Mike Carey,D,Rep,HD-OH-15,12101236,196349,N00048568,Mike_Carey_(Ohio),776441
23048,Sheila Cherfilus-McCormick,D,Rep,HD-FL-20,0,182285,N00043504,Sheila_Cherfilus-McCormick,665191
23154,Connie Conway,R,Rep,HD-CA-22,6673749,81797,N00050064,Connie_Conway,267742
23156,Mayra Flores,R,Rep,HD-TX-34,0,200995,N00048049,Mayra_Flores,771355
23161,Mike Flood,R,Rep,HD-NE-1,6560805,41983,,Mike_Flood,227029
23162,Brad Finstad,R,Rep,HD-MN-1,6597648,38612,,Brad_Finstad,212943
23172,Mary Peltola,R,Rep,HD-AK,12997276,207620,,Mary_Peltola,803941
23173,Pat Ryan,D,Rep,HD-NY-19,44044931,180314,,Pat_Ryan_(New_York),627919
23174,Joe Sempolinski,R,Rep,HD-NY-23,0,208849,,Joe_Sempolinski,314178
23182,Rudolph Yakym III,R,Rep,HD-IN-2,0,210545,,Rudy_Yakym,0
23997,Mark Alford,R,Rep,HD-MO-4,0,205858,,Mark_Alford,0
23998,Aaron Bean,R,Rep,HD-FL-4,0,53932,,Aaron_Bean,0
23999,Nikki Budzinski,D,Rep,HD-IL-13,0,204328,,Nikki_Budzinski,0
24000,Eric Burlison,R,Rep,HD-MO-7,0,104635,,Eric_Burlison,0
24001,Josh Brecheen,R,Rep,HD-OK-2,0,124973,,Josh_Brecheen,0
24002,Becca Balint,D,Rep,HD-VT,0,154056,,Becca_Balint,0
24003,Mike Collins,R,Rep,HD-GA-10,0,151225,,Mike_Collins_(Georgia),0
24004,Jasmine Crockett,D,Rep,HD-TX-30,0,188486,,Jasmine_Crockett,0
24005,Greg Casar,D,Rep,HD-TX-35,0,161953,,Greg_Casar,0
24006,Elijah Crane,R,Rep,HD-AZ-2,0,205885,,Eli_Crane,0
24007,Juan Ciscomani,R,Rep,HD-AZ-6,0,106728,,Juan_Ciscomani,0
24008,Yadira Caraveo,D,Rep,HD-CO-8,0,181770,,Yadira_Caraveo,0
24009,Lori Chavez-DeRemer,R,Rep,HD-OR-5,0,202792,,Lori_Chavez-DeRemer,0
24010,Donald Davis,D,Rep,HD-NC-1,0,102950,,Donald_Davis,0
24011,Christopher Deluzio,D,Rep,HD-PA-17,0,202954,,Christopher_Deluzio,0
24012,Monica De La Cruz,R,Rep,HD-TX-15,0,188292,,Monica_De_La_Cruz,0
24013,Anthony D'Esposito,R,Rep,HD-NY-4,0,174091,,Anthony_D'Esposito,0
24014,John Duarte,R,Rep,HD-CA-13,0,204965,,John_Duarte,0
24015,Mike Ezell,R,Rep,HD-MS-4,0,202526,,Mike_Ezell,0
24016,Chuck Edwards,R,Rep,HD-NC-11,0,166600,,Chuck_Edwards,0
24017,Maxwell Frost,D,Rep,HD-FL-10,0,209096,,Maxwell_Alejandro_Frost,0
24018,Valerie Foushee,D,Rep,HD-NC-4,0,93091,,Valerie_Foushee,0
24019,Russell Fry,R,Rep,HD-SC-7,0,157265,,Russell_Fry,0
24020,Robert Garcia,D,Rep,HD-CA-42,0,29749,,Robert_Garcia_(California),0
24021,Daniel Goldman,D,Rep,HD-NY-10,0,208627,,Daniel_Goldman,0
24022,Marie Gluesenkamp Perez,D,Rep,HD-WA-3,0,207307,,Marie_Gluesenkamp_Perez,0
24023,Erin Houchin,R,Rep,HD-IN-9,0,149614,,Erin_Houchin,0
24024,Val Hoyle,D,Rep,HD-OR-4,0,116336,,Val_Hoyle,0
24025,Wesley Hunt,R,Rep,HD-TX-38,0,188147,,Wesley_Hunt_(Texas_Congress),0
24026,Harriet Hageman,R,Rep,HD-WY,0,182961,,Harriet_Hageman,0
24027,Glenn Ivey,D,Rep,HD-MD-4,0,166279,,Glenn_Ivey,0
24028,John James,R,Rep,HD-MI-10,0,181062,,John_James_(Michigan),0
24029,Jeff Jackson,D,Rep,HD-NC-14,0,153729,,Jeff_Jackson,0
24030,Jonathan Jackson,D,Rep,HD-IL-1,0,204284,,Jonathan_Jackson_(Illinois),0
24031,Thomas Kean,R,Rep,HD-NJ-7,0,43250,,Thomas_Kean_Jr.,0
24032,Jennifer Kiggans,R,Rep,HD-VA-2,0,186387,,Jennifer_Kiggans,0
24033,Sydney Kamlager-Dove,D,Rep,HD-CA-37,0,178079,,Sydney_Kamlager-Dove,0
24034,Kevin Kiley,R,Rep,HD-CA-3,0,169303,,Kevin_Kiley,0
24035,Anna Luna,R,Rep,HD-FL-13,0,191344,,Anna_Paulina_Luna,0
24036,Laurel Lee,R,Rep,HD-FL-15,0,186114,,Laurel_Lee,0
24037,Nick LaLota,R,Rep,HD-NY-1,0,191957,,Nicholas_J._LaLota,0
24038,Michael Lawler,R,Rep,HD-NY-17,0,192271,,Michael_Lawler_(New_York),0
24039,Nicholas Langworthy,R,Rep,HD-NY-23,0,208663,,Nicholas_A._Langworthy,0
24040,Greg Landsman,D,Rep,HD-OH-1,0,186237,,Greg_Landsman,0
24041,Summer Lee,D,Rep,HD-PA-12,0,179240,,Summer_Lee,0
24042,Morgan Luttrell,R,Rep,HD-TX-8,0,200930,,Morgan_Luttrell,0
24043,Cory Mills,R,Rep,HD-FL-7,0,209085,,Cory_Mills,0
24044,Jared Moskowitz,D,Rep,HD-FL-23,0,138155,,Jared_Moskowitz,0
24045,Richard McCormick,R,Rep,HD-GA-6,0,189765,,Rich_McCormick,0
24046,Morgan McGarvey,D,Rep,HD-KY-3,0,139826,,Morgan_McGarvey,0
24047,Marcus Molinaro,R,Rep,HD-NY-19,0,69202,,Marcus_Molinaro,0
24048,Max Miller,R,Rep,HD-OH-7,0,206947,,Max_Miller,0
24049,Seth Magaziner,D,Rep,HD-RI-2,0,154457,,Seth_Magaziner,0
24050,Nathaniel Moran,R,Rep,HD-TX-1,0,79156,,Nathaniel_Moran,0
24051,Kevin Mullin,D,Rep,HD-CA-15,0,105586,,Kevin_Mullin_(California),0
24052,Robert Menendez,D,Rep,HD-NJ-8,0,205678,,Rob_Menendez_(New_Jersey),0
24053,Zachary Nunn,R,Rep,HD-IA-3,0,151170,,Zach_Nunn,0
24054,Wiley Nickel,D,Rep,HD-NC-13,0,178326,,Wiley_Nickel,0
24055,Andrew Ogles,R,Rep,HD-TN-5,0,48673,,Andrew_Ogles,0
24056,Brittany Pettersen,D,Rep,HD-CO-7,0,138744,,Brittany_Pettersen,0
24057,Delia Ramirez,D,Rep,HD-IL-3,0,177128,,Delia_Ramirez,0
24058,Dale Strong,R,Rep,HD-AL-5,0,81485,,Dale_Strong,0
24059,Hillary Scholten,D,Rep,HD-MI-3,0,191584,,Hillary_Scholten,0
24060,George Santos,R,Rep,HD-NY-3,0,191234,,George_Devolder-Santos,719723
24061,Emilia Sykes,D,Rep,HD-OH-13,0,152164,,Emilia_Sykes,0
24062,Keith Self,R,Rep,HD-TX-3,0,97491,,Keith_Self,0
24063,Eric Sorensen,D,Rep,HD-IL-17,0,204339,,Eric_Sorensen,0
24064,Andrea Salinas,D,Rep,HD-OR-6,0,178196,,Andrea_Salinas,0
24065,Jill Tokuda,D,Rep,HD-HI-2,0,68493,,Jill_Tokuda,0
24066,Shri Thanedar,D,Rep,HD-MI-13,0,182346,,Shri_Thanedar,0
24067,Derrick Van Orden,R,Rep,HD-WI-3,0,192343,,Derrick_Van_Orden,0
24068,Gabe Vasquez,D,Rep,HD-NM-2,0,192343,,Gabriel_Vasquez,0
24069,Brandon Williams,R,Rep,HD-NY-22,0,206001,,Brandon_Williams_(New_York),0
24071,James Moylan,R,Rep,HD-GU,0,209781,,James_Moylan,0
24548,Katie Boyd Britt,R,Sen,SD-AL,0,201704,,Katie_Britt,596651
24549,John Fetterman,D,Sen,SD-PA,15982010,166286,,John_Fetterman,552695
24828,J.D. Vance,R,Sen,SD-OH,0,201794,,J.D._Vance,781111
24863,Pete Ricketts,R,Sen,SD-NE,5723939,57777,,Pete_Ricketts,0
24864,Eric Schmitt,R,Sen,SD-MO,6676482,150182,,Eric_Schmitt,229398
24913,Jennifer McClellan,D,Rep,HD-VA-4,5703418,58655,,Jennifer_McClellan,241253
24958,Laphonza Butler,D,Sen,SD-CA,0,212818,,Laphonza_Butler,0
24963,Gabe Amo,D,Rep,HD-RI-1,0,212295,,Gabe_Amo,0
24984,Celeste Maloy,R,Rep,HD-UT-2,0,212289,,Celeste_Maloy,0
25201,Timothy Kennedy,D,Rep,HD-NY-26,4689854,91670,,Tim_Kennedy_(New_York),0
25204,Vince Fong,R,Rep,HD-CA-20,39707425,169357,,Vince_Fong,224498
25207,Michael Rulli,R,Rep,HD-OH-6,44423028,179016,,Michael_Rulli,0
25210,Greg Lopez,R,Rep,HD-CO-4,6742495,16895,,Greg_Lopez,0
25215,George Helmy,D,Sen,SD-NJ,0,219660,,George_Helmy,0
25216,LaMonica McIver,D,Rep,HD-NJ-10,0,186801,,LaMonica_McIver,0
25233,Erica Lee Carter,D,Rep,HD-TX-18,0,0,,Erica_Lee_Carter,0
25234,Tony Wied,R,Rep,HD-WI-8,0,218131,,Tony_Wied,0
11076,Marlin Stutzman,R,Rep,HD-IN-3,7399460,34230,N00030891,Marlin_Stutzman,212345
25861,Adam Gray,D,Rep,HD-CA-13,0,138552,,Adam_Gray,0
25862,April McClain-Delaney,D,Rep,HD-MD-6,0,214608,,April_McClain-Delaney,0
25863,Cleo Fields,D,Rep,HD-LA-6,0,26878,,Cleo_Fields,0
25864,Dave Min,D,Rep,HD-CA-47,0,179392,,Dave_Min,0
25865,Derek Tran,D,Rep,HD-CA-45,0,213645,,Derek_Tran,0
25866,Emily Randall,D,Rep,HD-WA-6,0,183038,,Emily_Randall,0
25867,Eugene Vindman,D,Rep,HD-VA-7,0,216844,,Eugene_Vindman,0
25868,George Latimer,D,Rep,HD-NY-16,0,44173,,George_Latimer_(New_York),0
25869,George Whitesides,D,Rep,HD-CA-27,0,213585,,George_Whitesides,0
25870,Herbert Conaway Jr.,D,Rep,HD-NJ-3,0,24716,,Herbert_Conaway_Jr.,0
25871,Janelle Bynum,D,Rep,HD-OR-5,0,168102,,Janelle_Bynum,0
25872,John Mannion,D,Rep,HD-NY-22,0,185053,,John_Mannion,0
25873,Johnny Olszewski,D,Rep,HD-MD-2,0,67095,,John_Olszewski_Jr.,0
25874,Josh Riley,D,Rep,HD-NY-19,0,205997,,Josh_Riley,0
25875,Julie Johnson,D,Rep,HD-TX-32,0,177532,,Julie_Johnson,0
25876,Kelly Morrison,D,Rep,HD-MN-3,0,183781,,Kelly_Morrison,0
25877,Kristen McDonald Rivet,D,Rep,HD-MI-8,0,199213,,Kristen_McDonald_Rivet,0
25878,Lateefah Simon,D,Rep,HD-CA-12,0,213551,,Lateefah_Simon,0
25879,Laura Friedman,D,Rep,HD-CA-30,0,111792,,Laura_Friedman,0
25880,Laura Gillen,D,Rep,HD-NY-4,0,208621,,Laura_Gillen,0
25881,Luz Rivas,D,Rep,HD-CA-29,0,178070,,Luz_Maria_Rivas,0
25882,Maggie Goodlander,D,Rep,HD-NH-2,0,218522,,Maggie_Goodlander,0
25883,Maxine Dexter,D,Rep,HD-OR-3,0,190844,,Maxine_Dexter,0
25884,Nellie Pou,D,Rep,HD-NJ-9,0,15181,,Nellie_Pou,0
25885,Pablo Jose Hernandez,D,Rep,HD-PR,0,0,,Pablo_Jose_Hernandez_Rivera,0
25886,Sam Liccardo,D,Rep,HD-CA-16,0,70450,,Sam_Liccardo,0
25887,Sarah Elfreth,D,Rep,HD-MD-3,0,178463,,Sarah_Elfreth,0
25888,Sarah McBride,D,Rep,HD-DE,0,195142,,Sarah_McBride,0
25889,Shomari Figures,D,Rep,HD-AL-2,0,212889,,Shomari_Figures,0
25890,Suhas Subramanyam,D,Rep,HD-VA-10,0,186400,,Suhas_Subramanyam,0
25891,Sylvester Turner,D,Rep,HD-TX-18,0,8018,,Sylvester_Turner,0
25892,Wesley Bell,D,Rep,HD-MO-1,0,217416,,Wesley_Bell,0
25893,Yassamin Ansari,D,Rep,HD-AZ-3,0,201437,,Yassamin_Ansari,0
25894,Abraham Hamadeh,R,Rep,HD-AZ-8,0,205532,,Abraham_Hamadeh,0
25895,Addison McDowell,R,Rep,HD-NC-6,0,213685,,Addison_McDowell,0
25896,Brad Knott,R,Rep,HD-NC-13,0,213703,,Brad_Knott,0
25897,Brandon Gill,R,Rep,HD-TX-26,0,213266,,Brandon_Gill,0
25898,Brian Jack,R,Rep,HD-GA-3,0,215141,,Brian_Jack,0
25899,Craig Goldman,R,Rep,HD-TX-12,0,138373,,Craig_Goldman,0
25900,David Taylor,R,Rep,HD-OH-2,0,213920,,David_Taylor_(Ohio),0
25901,Derek Schmidt,R,Rep,HD-KS-2,0,34451,,Derek_Schmidt,0
25902,Gabe Evans,R,Rep,HD-CO-8,0,206217,,Gabe_Evans,0
25903,Jeff Crank,R,Rep,HD-CO-5,0,66946,,Jeff_Crank,0
25904,Jeff Hurd,R,Rep,HD-CO-3,0,217034,,Jeff_Hurd,0
25905,Jefferson Shreve,R,Rep,HD-IN-6,0,148154,,Jefferson_Shreve,0
25906,John McGuire,R,Rep,HD-VA-5,0,176388,,John_McGuire,0
25907,Julie Fedorchak,R,Rep,HD-ND,0,144276,,Julie_Fedorchak,0
25908,Kimberlyn King-Hinds,R,Rep,HD-MP,0,117329,,Kimberlyn_King-Hinds,0
25909,Mark Harris,R,Rep,HD-NC-8,0,146230,,Mark_Harris_(North_Carolina),0
25910,Mark Messmer,R,Rep,HD-IN-8,0,102958,,Mark_Messmer,0
25911,Michael Baumgartner,R,Rep,HD-WA-5,0,126301,,Michael_Baumgartner_(Washington),0
25912,Mike Haridopolos,R,Rep,HD-FL-8,0,53952,,Mike_Haridopolos,0
25913,Mike Kennedy,R,Rep,HD-UT-3,0,137469,,Mike_Kennedy_(Utah),0
25914,Nicholas Begich,R,Rep,HD-AK,0,207684,,Nicholas_Begich,0
25915,Pat Harrigan,R,Rep,HD-NC-10,0,202557,,Pat_Harrigan,0
25916,Riley Moore,R,Rep,HD-WV-2,0,167483,,Riley_Moore,0
25917,Robert Bresnahan,R,Rep,HD-PA-8,0,214735,,Rob_Bresnahan_Jr.,0
25918,Robert Onder,R,Rep,HD-MO-3,0,200275,,"Robert_Onder,_Jr.",0
25919,Ryan Mackenzie,R,Rep,HD-PA-7,0,136465,,Ryan_Mackenzie,0
25920,Sheri Biggs,R,Rep,HD-SC-3,0,216183,,Sheri_Biggs,0
25921,Tim Moore,R,Rep,HD-NC-14,0,41316,,Timothy_K._Moore,0
25922,Tom Barrett,R,Rep,HD-MI-7,0,153540,,Tom_Barrett_(Michigan),0
25923,Troy Downing,R,Rep,HD-MT-2,0,178611,,Troy_Downing,0
25924,Angela Alsobrooks,D,Sen,SD-MD,0,212637,,Angela_Alsobrooks,0
25925,Bernie Moreno,R,Sen,SD-OH,0,201791,,Bernie_Moreno,0
25926,David McCormick,R,Sen,SD-PA,0,202978,,David_McCormick_(Pennsylvania),0
25927,Tim Sheehy,R,Sen,SD-MT,0,215303,,Tim_Sheehy,0
26356,James Justice,R,Sen,SD-WV,3798210,166287,,Jim_Justice,0
26387,Jon Husted,R,Sen,SD-OH,2753619,45796,,Jon_Husted,0
26388,Ashley Moody,R,Sen,SD-FL,1835686,183198,,Ashley_B._Moody,0
